P homeless,P exit,P undetected,Simulation,# Consecutive,# Episodic,# Chronic,# Ever Homeless,# Undetected Chronic,Frac Undetected Chronic,Wall Time (s),Episodic as % Chronic
0.0025,0.0025,0.0025,0,9749,78,9827,18757,24,0.3076923076923077,1.30375993,0.007937315559173706
0.0025,0.0025,0.005,0,10354,32,10386,18709,9,0.28125,1.5044828389999996,0.0030810706720585403
0.0025,0.005,0.0025,0,5976,402,6378,18748,129,0.3208955223880597,1.4851500750000008,0.06302916274694262
0.0025,0.0025,0.0075,0,10669,25,10694,18665,4,0.16,1.6667535040000008,0.0023377594913035348
0.0025,0.0075,0.0025,0,4104,812,4916,18648,228,0.28078817733990147,1.5663493979999998,0.16517493897477625
0.0025,0.005,0.005,0,6504,300,6804,18692,71,0.23666666666666666,1.7373474040000003,0.04409171075837742
0.0025,0.0075,0.005,0,4616,683,5299,18746,139,0.20351390922401172,1.682036365,0.1288922438195886
0.0025,0.01,0.0025,0,3205,1166,4371,18730,336,0.2881646655231561,1.6333030000000006,0.2667581789064287
0.0025,0.005,0.0075,0,6654,245,6899,18684,26,0.10612244897959183,1.7972705119999999,0.03551239310044934
0.0025,0.0025,0.01,0,10695,24,10719,18661,4,0.16666666666666666,1.9170597359999997,0.002239014833473272
0.0025,0.0075,0.0075,0,4475,674,5149,18687,101,0.14985163204747776,1.8155360169999994,0.1308992037288794
0.0025,0.005,0.01,0,6584,217,6801,18657,23,0.10599078341013825,1.891981832,0.031907072489339806
0.0025,0.0075,0.01,0,4567,600,5167,18641,78,0.13,1.937743546,0.11612154054577124
0.0025,0.0025,0.0125,0,10811,21,10832,18713,2,0.09523809523809523,2.1693114069999995,0.0019387001477104875
0.0025,0.005,0.0125,0,6555,194,6749,18677,22,0.1134020618556701,2.087548526,0.028744999259149504
0.0025,0.0075,0.0125,0,4407,575,4982,18740,76,0.13217391304347825,2.075777372,0.11541549578482538
0.0025,0.01,0.005,0,3420,1046,4466,18722,188,0.17973231357552583,1.850434829000001,0.23421406180026869
0.0025,0.01,0.0075,0,3407,1028,4435,18670,170,0.16536964980544747,2.021441837000001,0.23179255918827507
0.0025,0.0125,0.0025,0,2587,1240,3827,18726,335,0.2701612903225806,1.9218616529999997,0.32401358766657956
0.0025,0.01,0.01,0,3188,989,4177,18693,130,0.13144590495449948,2.1607064950000003,0.23677280344745033
0.005,0.0025,0.0025,0,12933,325,13258,19913,100,0.3076923076923077,1.7690472240000004,0.024513501282244683
0.0025,0.0125,0.005,0,2611,1274,3885,18746,244,0.19152276295133439,2.0802362510000005,0.3279279279279279
0.0025,0.01,0.0125,0,3148,942,4090,18698,142,0.15074309978768577,2.284997517999999,0.23031784841075795
0.0025,0.0125,0.0075,0,2640,1314,3954,18739,200,0.15220700152207,2.170908466000001,0.3323216995447648
0.005,0.0025,0.005,0,13601,178,13779,19926,30,0.16853932584269662,2.088968725999999,0.01291820886856811
0.0025,0.0125,0.01,0,2422,1202,3624,18703,177,0.14725457570715475,2.256007832,0.33167770419426046
0.0025,0.0125,0.0125,0,2260,1197,3457,18679,169,0.14118629908103592,2.4153241659999996,0.3462539774370842
0.005,0.0025,0.0075,0,13941,138,14079,19908,14,0.10144927536231885,2.379326655,0.009801832516513957
0.005,0.005,0.0025,0,8867,1989,10856,19916,606,0.3046757164404223,2.324714878,0.18321665438467208
0.005,0.005,0.005,0,9696,1618,11314,19915,291,0.17985166872682323,2.547347127000001,0.14300866183489483
0.005,0.0025,0.01,0,13981,98,14079,19909,14,0.14285714285714285,2.8204960740000002,0.006960721642162085
0.005,0.0025,0.0125,0,14089,90,14179,19917,8,0.08888888888888889,3.132908990999999,0.006347415191480358
0.005,0.005,0.0075,0,9894,1288,11182,19919,168,0.13043478260869565,2.869186739,0.11518511894115543
0.005,0.0075,0.0025,0,6530,3999,10529,19912,1097,0.27431857964491124,2.722146725,0.37980814892202486
0.005,0.0075,0.005,0,7121,3325,10446,19917,629,0.18917293233082708,2.8833184119999995,0.3183036569021635
0.005,0.005,0.01,0,9942,1157,11099,19920,93,0.08038029386343994,3.2346355540000005,0.10424362555185152
0.005,0.005,0.0125,0,10015,1145,11160,19926,96,0.08384279475982533,3.3386858640000003,0.10259856630824372
0.005,0.0075,0.0075,0,7219,3145,10364,19911,386,0.12273449920508744,3.1154028229999984,0.3034542647626399
0.005,0.01,0.0025,0,5061,5398,10459,19906,1317,0.24397925157465727,2.946305452999999,0.5161105268190076
0.005,0.01,0.005,0,5524,4910,10434,19914,841,0.17128309572301426,3.0365179970000007,0.47057695993866205
0.005,0.0075,0.01,0,7233,2964,10197,19927,301,0.10155195681511471,3.248180412,0.29067372756693144
0.005,0.0075,0.0125,0,7169,2849,10018,19924,258,0.09055809055809055,3.4739982749999996,0.2843881014174486
0.005,0.01,0.0075,0,5452,4638,10090,19919,570,0.12289780077619664,3.218503287999999,0.4596630327056492
0.005,0.01,0.01,0,5347,4645,9992,19918,461,0.0992465016146394,3.357070758999999,0.4648718975180144
0.005,0.0125,0.0025,0,4028,6071,10099,19912,1253,0.20639103936748476,3.019162326,0.6011486285770868
0.005,0.0125,0.005,0,4484,5851,10335,19899,929,0.15877627755939155,3.0785535680000002,0.5661344944363812
0.005,0.01,0.0125,0,5260,4598,9858,19906,454,0.0987385819921705,3.541209800999999,0.4664232095759789
0.0075,0.0025,0.0025,0,14254,572,14826,19996,182,0.3181818181818182,1.7948685220000016,0.038580871442061244
0.005,0.0125,0.0075,0,4178,5822,10000,19923,677,0.1162830642390931,3.2626768969999986,0.5822
0.0075,0.0025,0.005,0,15001,363,15364,19995,57,0.15702479338842976,2.0765364880000003,0.0236266597240302
0.005,0.0125,0.01,0,4154,5853,10007,19898,598,0.10216982743892021,3.362799473999999,0.5848905765963825
0.0075,0.0025,0.0075,0,15190,275,15465,19992,40,0.14545454545454545,2.5095663409999993,0.017782088587132233
0.0075,0.005,0.0025,0,10401,3669,14070,19996,1144,0.31180158081221043,2.533293403,0.2607675906183369
0.0075,0.005,0.005,0,11438,2829,14267,19992,519,0.18345705196182396,2.7182382260000004,0.19828975958505643
0.005,0.0125,0.0125,0,3895,5879,9774,19913,640,0.1088620513692805,3.5687816309999985,0.6014937589523225
0.0075,0.0025,0.01,0,15410,231,15641,19993,22,0.09523809523809523,2.9413297289999996,0.014768876670289623
0.0075,0.0025,0.0125,0,15325,202,15527,19991,17,0.08415841584158416,3.276330774,0.013009596187286662
0.0075,0.005,0.0075,0,11670,2358,14028,19993,292,0.12383375742154368,3.1484839420000004,0.1680923866552609
0.0075,0.005,0.01,0,11658,2138,13796,19996,185,0.08652946679139382,3.4917362270000005,0.1549724557842853
0.0075,0.0075,0.0025,0,7700,7023,14723,19997,1880,0.2676918695714082,3.200541722999999,0.47700876180126334
0.0075,0.0075,0.005,0,8646,6008,14654,19996,1004,0.16711051930758988,3.3710871240000007,0.4099904462945271
0.0075,0.005,0.0125,0,11807,1921,13728,19993,136,0.07079646017699115,3.7257994450000016,0.13993298368298368
0.0075,0.0075,0.0075,0,8781,5493,14274,19993,621,0.11305297651556527,3.5658595690000006,0.3848255569567045
0.0075,0.0075,0.01,0,9001,5358,14359,19992,439,0.08193355729749907,3.851212488,0.3731457622397103
0.0075,0.01,0.0025,0,5979,9278,15257,19993,2041,0.21998275490407415,3.579955824999999,0.6081143081864062
0.0075,0.0075,0.0125,0,8908,5217,14125,19993,360,0.06900517538815411,4.069482069999999,0.36934513274336284
0.0075,0.01,0.005,0,6735,8501,15236,19996,1241,0.1459828255499353,3.6963654010000013,0.5579548437910212
0.01,0.0025,0.0025,0,15145,785,15930,20000,298,0.3796178343949045,2.005322971000002,0.04927809165097301
0.0075,0.01,0.0075,0,6735,8318,15053,19992,867,0.10423178648713632,3.9080646229999996,0.5525808808875308
0.0075,0.0125,0.0025,0,4903,10437,15340,19994,1944,0.18626041966082207,3.675858112000002,0.6803780964797914
0.01,0.0025,0.005,0,15708,479,16187,19999,95,0.19832985386221294,2.288437749,0.029591647618459258
0.0075,0.01,0.01,0,6768,8035,14803,19992,656,0.08164281269446173,4.089676693999998,0.5427953793150038
0.0075,0.0125,0.005,0,5359,10196,15555,19992,1279,0.12544134954884267,3.9597543159999997,0.6554805528768884
0.01,0.0025,0.0075,0,15887,367,16254,20000,42,0.11444141689373297,2.6690591370000014,0.02257905746277839
0.0075,0.01,0.0125,0,6638,8048,14686,19996,586,0.0728131212723658,4.275345565999999,0.5480049026283536
0.0075,0.0125,0.0075,0,5477,10123,15600,19995,954,0.09424083769633508,4.076608369999999,0.6489102564102565
0.01,0.0025,0.01,0,16124,325,16449,20000,21,0.06461538461538462,3.060393835000003,0.019758040002431757
0.0075,0.0125,0.01,0,5122,10147,15269,19993,783,0.07716566472849118,4.2520492139999995,0.6645490863841771
0.01,0.005,0.0025,0,11392,4653,16045,20000,1586,0.3408553621319579,2.826673694,0.28999688376441257
0.0075,0.0125,0.0125,0,5088,10117,15205,19996,748,0.07393496095680538,4.493110199,0.6653732324893127
0.01,0.0025,0.0125,0,16151,254,16405,19999,15,0.05905511811023622,3.4297538240000023,0.015483084425480036
0.01,0.005,0.005,0,12337,3552,15889,20000,702,0.19763513513513514,3.044230001999999,0.22355088425955064
0.01,0.005,0.0075,0,12677,3212,15889,20000,403,0.12546699875467,3.360373259000003,0.20215243250047202
0.01,0.005,0.01,0,12897,2936,15833,19999,209,0.07118528610354223,3.6247639010000015,0.18543548285227057
0.01,0.0075,0.0025,0,8481,8816,17297,19999,2392,0.2713248638838475,3.4045841160000023,0.5096837601896282
0.01,0.0075,0.005,0,9669,7697,17366,20000,1309,0.1700662595816552,3.623381259000002,0.44322238857537716
0.01,0.005,0.0125,0,12842,2804,15646,19999,176,0.06276747503566334,4.0045749860000015,0.17921513485874985
0.01,0.0075,0.0075,0,9955,7223,17178,20000,783,0.1084037103696525,3.874353923000001,0.42047968331586916
0.01,0.01,0.0025,0,6547,11463,18010,19999,2527,0.22044839919741777,3.8638014350000027,0.6364797334813992
0.01,0.0075,0.01,0,9984,6848,16832,19998,514,0.07505841121495327,4.234305217999999,0.4068441064638783
0.01,0.0075,0.0125,0,9924,6803,16727,20000,418,0.06144348081728649,4.553782711,0.40670771806062056
0.01,0.01,0.005,0,7402,10923,18325,20000,1546,0.1415362080014648,4.3282514779999985,0.5960709413369714
0.01,0.01,0.0075,0,7621,10510,18131,20000,956,0.09096098953377736,4.397280884000001,0.5796701781479234
0.0125,0.0025,0.0025,0,15649,958,16607,20000,378,0.3945720250521921,2.1911928140000008,0.05768651773348588
0.01,0.01,0.01,0,7612,10331,17943,19999,709,0.06862839996128157,4.624668073999999,0.5757677088558212
0.0125,0.0025,0.005,0,16245,584,16829,20000,108,0.18493150684931506,2.567178597999998,0.03470200249569196
0.01,0.0125,0.0025,0,5234,13165,18399,20000,2260,0.17166729965818459,4.490558541999999,0.7155280178270558
0.01,0.01,0.0125,0,7555,10295,17850,20000,569,0.05526954832442933,4.926049047999999,0.576750700280112
0.01,0.0125,0.005,0,5883,12834,18717,20000,1504,0.11718871746922238,4.544569942999999,0.6856868087834589
0.0125,0.0025,0.0075,0,16398,433,16831,20000,54,0.12471131639722864,2.9235485669999974,0.02572633830431941
0.01,0.0125,0.0075,0,5973,12688,18661,20000,997,0.07857818411097099,4.692925139,0.679920690209528
0.0125,0.0025,0.01,0,16503,368,16871,20000,20,0.05434782608695652,3.318150351,0.021812577796218362
0.0125,0.005,0.0025,0,11939,5301,17240,20000,1963,0.37030748915299,3.1724015769999987,0.3074825986078886
0.01,0.0125,0.01,0,5762,12776,18538,20000,806,0.06308703819661866,5.178486898000003,0.689178983709138
0.0125,0.0025,0.0125,0,16555,359,16914,20000,25,0.06963788300835655,3.9440335739999988,0.02122502069291711
0.0125,0.005,0.005,0,13250,4028,17278,20000,827,0.20531281032770607,3.5232937490000005,0.2331288343558282
0.01,0.0125,0.0125,0,5632,12928,18560,20000,748,0.05785891089108911,5.520857635999999,0.696551724137931
0.0125,0.005,0.0075,0,13492,3655,17147,20000,440,0.12038303693570451,4.126543438999999,0.21315682043506154
0.0125,0.005,0.01,0,13575,3408,16983,20000,287,0.08421361502347417,4.621701550000001,0.2006712594947889
0.0125,0.0075,0.0025,0,9006,9834,18840,20000,2821,0.2868619076672768,4.496684012999999,0.5219745222929937
0.0125,0.0075,0.005,0,10201,8572,18773,20000,1553,0.18117125524965003,4.775502579999998,0.45661322111543173
0.0125,0.005,0.0125,0,13536,3206,16742,20000,190,0.059263880224578916,5.109767256000001,0.19149444510811134
0.0125,0.0075,0.0075,0,10560,8084,18644,20000,853,0.10551707075705097,5.121161434999998,0.43359794035614674
0.0125,0.01,0.0025,0,6967,12600,19567,20000,2725,0.21626984126984128,5.3705199619999995,0.6439413297899524
0.0125,0.0075,0.01,0,10662,7875,18537,20000,566,0.07187301587301587,5.636924385,0.4248260236284188
0.0125,0.01,0.005,0,7940,12002,19942,20000,1653,0.13772704549241793,5.722057568,0.6018453515194063
0.0025,0.0025,0.0025,1,9617,69,9686,18711,25,0.36231884057971014,1.8955618879999996,0.007123683667148462
0.0125,0.0075,0.0125,0,10826,7741,18567,20000,412,0.053223097790983075,6.048512433999999,0.4169224969031077
0.0025,0.0025,0.005,1,10425,38,10463,18781,7,0.18421052631578946,2.22589713,0.0036318455509892
0.0125,0.01,0.0075,0,8041,11776,19817,20000,1107,0.09400475543478261,6.063078965999999,0.5942372710299239
0.0025,0.0025,0.0075,1,10587,26,10613,18692,2,0.07692307692307693,2.5045360710000004,0.0024498256854800717
0.0125,0.01,0.01,0,8275,11596,19871,20000,741,0.06390134529147982,6.3723216260000015,0.5835639877207992
0.0025,0.005,0.0025,1,5998,405,6403,18755,130,0.32098765432098764,2.0700326790000005,0.06325160081211932
0.0025,0.0025,0.01,1,10797,31,10828,18726,3,0.0967741935483871,2.8075271199999996,0.0028629479128186182
0.0125,0.0125,0.0025,0,5530,14375,19905,20000,2455,0.17078260869565218,6.004873212999996,0.7221803566942979
0.0025,0.005,0.005,1,6589,304,6893,18727,62,0.20394736842105263,2.1731271060000026,0.04410271289714203
0.0125,0.0125,0.005,0,6323,14136,20459,20000,1563,0.11056876061120544,6.160540627,0.6909428613324209
0.0125,0.01,0.0125,0,8100,11732,19832,20000,624,0.05318786225707467,6.792119503999999,0.5915691811214199
0.0025,0.005,0.0075,1,6620,274,6894,18712,34,0.12408759124087591,2.376009621999998,0.03974470554105019
0.0125,0.0125,0.0075,0,6446,14221,20667,20000,1061,0.07460797412277617,6.344858963000004,0.6881018048095998
0.0025,0.0025,0.0125,1,10852,21,10873,18713,2,0.09523809523809523,3.0661440799999973,0.0019313896808608479
0.0025,0.005,0.01,1,6760,206,6966,18698,21,0.10194174757281553,2.621906735000003,0.02957220786678151
0.0025,0.0075,0.0025,1,4248,873,5121,18703,255,0.2920962199312715,2.113238396,0.1704745166959578
0.0025,0.0075,0.005,1,4598,726,5324,18695,138,0.19008264462809918,2.1949486720000024,0.13636363636363635
0.0025,0.005,0.0125,1,6682,206,6888,18738,15,0.07281553398058252,2.9347101080000044,0.029907084785133566
0.0125,0.0125,0.01,0,6237,14222,20459,20000,791,0.055618056532133316,6.725219846000002,0.6951463903416589
0.0025,0.01,0.0025,1,3090,1167,4257,18693,318,0.27249357326478146,2.3367100449999967,0.2741367159971811
0.0025,0.0075,0.0075,1,4614,623,5237,18749,88,0.14125200642054575,2.724662015,0.11896123734962764
0.0025,0.0075,0.01,1,4463,599,5062,18690,65,0.10851419031719532,2.7291730079999965,0.11833267483208218
0.0025,0.01,0.005,1,3424,1064,4488,18737,197,0.18515037593984962,2.552399142000006,0.23707664884135474
0.0025,0.0075,0.0125,1,4464,544,5008,18707,66,0.1213235294117647,2.9976109489999985,0.10862619808306709
0.0025,0.01,0.0075,1,3386,1026,4412,18738,165,0.1608187134502924,2.735423081999997,0.23254759746146872
0.0025,0.0125,0.0025,1,2571,1262,3833,18722,318,0.2519809825673534,2.488453468000003,0.3292460213931646
0.0125,0.0125,0.0125,0,6216,14241,20457,20000,632,0.04437890597570395,7.086484867000003,0.6961431294911278
0.0025,0.01,0.01,1,3209,974,4183,18709,123,0.12628336755646818,2.874069680000005,0.23284723882381067
0.0025,0.0125,0.005,1,2708,1242,3950,18717,243,0.1956521739130435,2.7566832750000003,0.31443037974683546
0.0025,0.01,0.0125,1,3109,957,4066,18715,156,0.16300940438871472,3.0402379510000017,0.23536645351697
0.0025,0.0125,0.0075,1,2589,1231,3820,18756,209,0.16978066612510154,2.750783521999999,0.32225130890052356
0.005,0.0025,0.0025,1,12835,349,13184,19924,115,0.32951289398280803,2.1484761829999997,0.02647148058252427
0.0025,0.0125,0.01,1,2442,1246,3688,18729,173,0.13884430176565007,2.892747235999998,0.3378524945770065
0.0025,0.0125,0.0125,1,2244,1238,3482,18689,196,0.1583198707592892,2.8462775639999975,0.3555427914991384
0.005,0.0025,0.005,1,13561,187,13748,19917,46,0.24598930481283424,2.5238023630000015,0.013601978469595578
0.005,0.0025,0.0075,1,13765,136,13901,19920,22,0.16176470588235295,2.9779798080000006,0.00978346881519315
0.005,0.005,0.0025,1,8858,2032,10890,19917,615,0.30265748031496065,2.863330071,0.18659320477502295
0.005,0.0025,0.01,1,14036,119,14155,19924,11,0.09243697478991597,3.490324045999998,0.008406923348640056
0.005,0.005,0.005,1,9815,1572,11387,19935,283,0.18002544529262088,3.113560102000001,0.13805216474927548
0.005,0.0025,0.0125,1,13988,84,14072,19910,7,0.08333333333333333,3.7786845179999986,0.005969300739056282
0.005,0.005,0.0075,1,9870,1290,11160,19918,169,0.1310077519379845,3.575395261000004,0.11559139784946236
0.005,0.0075,0.0025,1,6481,3991,10472,19904,1112,0.2786269105487347,3.4838539789999956,0.38111153552330024
0.005,0.0075,0.005,1,7232,3413,10645,19920,599,0.17550542045121595,3.612455578999999,0.32062000939408175
0.005,0.005,0.01,1,9964,1108,11072,19928,102,0.09205776173285199,3.933285139000006,0.10007225433526011
0.005,0.0075,0.0075,1,7241,3139,10380,19920,417,0.1328448550493788,3.9318399150000047,0.30240847784200386
0.005,0.005,0.0125,1,10060,1111,11171,19911,90,0.081008100810081,4.353719204999997,0.09945394324590458
0.005,0.01,0.0025,1,4945,5322,10267,19915,1320,0.2480270574971815,3.830949233999995,0.5183597935131976
0.005,0.0075,0.01,1,7242,2937,10179,19923,294,0.10010214504596528,4.24641184,0.28853521956970235
0.005,0.01,0.005,1,5546,4787,10333,19916,761,0.1589722164194694,4.109729229000003,0.4632730088067357
0.005,0.0075,0.0125,1,7225,2825,10050,19909,259,0.09168141592920354,4.698211015999995,0.2810945273631841
0.005,0.01,0.0075,1,5391,4789,10180,19908,584,0.12194612653998747,4.373185739999997,0.47043222003929275
0.0075,0.0025,0.0025,1,14429,560,14989,19994,181,0.32321428571428573,2.4952079420000004,0.037360731202882115
0.005,0.01,0.01,1,5360,4588,9948,19941,471,0.10265911072362685,4.347461756000001,0.4611982308001608
0.005,0.0125,0.0025,1,4024,6108,10132,19895,1267,0.20743287491814014,4.0455763619999985,0.6028424792735886
0.0075,0.0025,0.005,1,15023,393,15416,19992,65,0.16539440203562342,2.803325744999995,0.025492994291645043
0.005,0.0125,0.005,1,4420,5871,10291,19911,870,0.1481859989780276,4.279824909999995,0.5704984938295599
0.005,0.01,0.0125,1,5396,4473,9869,19915,434,0.09702660406885759,4.746160323000005,0.45323741007194246
0.005,0.0125,0.0075,1,4357,5824,10181,19918,705,0.12105082417582418,4.344896292000001,0.5720459679795697
0.0075,0.0025,0.0075,1,15242,252,15494,19994,34,0.1349206349206349,3.2623968560000023,0.016264360397573254
0.005,0.0125,0.01,1,4073,5757,9830,19901,621,0.10786868160500261,4.503461365999996,0.5856561546286877
0.0075,0.005,0.0025,1,10367,3661,14028,19992,1164,0.31794591641627973,3.4630577520000045,0.26097804391217566
0.0075,0.0025,0.01,1,15444,190,15634,19994,17,0.08947368421052632,3.827235403000003,0.012152999872073685
0.005,0.0125,0.0125,1,3920,5820,9740,19921,620,0.10652920962199312,4.738007532999994,0.5975359342915811
0.0075,0.005,0.005,1,11472,2753,14225,19993,538,0.1954231747184889,3.592210469000001,0.19353251318101933
0.0075,0.0025,0.0125,1,15406,207,15613,19996,9,0.043478260869565216,4.289450197000001,0.013258182283994108
0.0075,0.005,0.0075,1,11766,2241,14007,19995,278,0.12405176260597947,4.054282441000005,0.15999143285500106
0.0075,0.005,0.01,1,11717,2129,13846,19995,175,0.08219821512447158,4.312583197999999,0.1537628195868843
0.0075,0.0075,0.0025,1,7794,6960,14754,19994,1944,0.2793103448275862,3.959183841000005,0.47173647824318826
0.0075,0.0075,0.005,1,8671,5969,14640,19995,1007,0.16870497570782375,4.373168831000001,0.4077185792349727
0.0075,0.005,0.0125,1,11870,2041,13911,19995,152,0.0744732974032337,4.803579732999999,0.14671842426856443
0.0075,0.0075,0.0075,1,8857,5470,14327,19993,630,0.11517367458866545,4.5962127260000045,0.38179660780344804
0.0075,0.0075,0.01,1,8920,5392,14312,19994,459,0.08512611275964392,5.008477587000002,0.3767467859139184
0.0075,0.01,0.0025,1,6038,9220,15258,19995,2080,0.22559652928416485,4.554357846000002,0.6042731681740726
0.0075,0.01,0.005,1,6785,8456,15241,19995,1241,0.146759697256386,4.701864109999995,0.5548192375828358
0.0075,0.0075,0.0125,1,8779,5163,13942,19992,380,0.07360061979469301,5.241615211000003,0.37031989671496196
0.0075,0.01,0.0075,1,6739,8128,14867,19995,812,0.09990157480314961,4.9903019650000005,0.5467141992332011
0.01,0.0025,0.0025,1,15223,777,16000,20000,300,0.3861003861003861,2.7255203329999986,0.0485625
0.0075,0.0125,0.0025,1,4961,10469,15430,19998,1993,0.190371573216162,5.010222110000001,0.6784834737524303
0.0075,0.01,0.01,1,6626,8250,14876,19993,667,0.08084848484848485,5.3919071740000035,0.5545845657434795
0.0075,0.01,0.0125,1,6734,7999,14733,19992,598,0.07475934491811477,5.5784492379999975,0.5429308355392656
0.0075,0.0125,0.005,1,5404,10399,15803,19995,1361,0.13087796903548418,5.193018823999999,0.6580396127317598
0.01,0.0025,0.005,1,15729,440,16169,20000,86,0.19545454545454546,3.1131644260000044,0.027212567258333847
0.0075,0.0125,0.0075,1,5245,10147,15392,19993,941,0.09273676948851878,5.438857985000006,0.6592385654885655
0.01,0.0025,0.0075,1,15897,378,16275,19999,47,0.12433862433862433,3.692823004999994,0.023225806451612905
0.0075,0.0125,0.01,1,5180,9994,15174,19993,801,0.08014808885331198,5.796733247999995,0.6586265981283775
0.01,0.0025,0.01,1,16097,322,16419,20000,21,0.06521739130434782,4.184602596999994,0.01961142578719776
0.01,0.005,0.0025,1,11336,4677,16013,20000,1629,0.34830019243104554,3.8287548630000003,0.2920751889090114
0.0075,0.0125,0.0125,1,4988,10278,15266,19994,774,0.07530647985989491,5.989991156999999,0.6732608410847635
0.01,0.005,0.005,1,12401,3707,16108,20000,730,0.19692473698408416,4.014860385000006,0.23013409485969705
0.01,0.0025,0.0125,1,16192,285,16477,20000,14,0.04912280701754386,4.661647985000002,0.01729683801662924
0.01,0.005,0.0075,1,12602,3148,15750,19998,408,0.12960609911054638,4.3667214509999965,0.19987301587301587
0.01,0.005,0.01,1,12894,2958,15852,20000,218,0.07369844489519946,4.5587352490000015,0.1866010598031794
0.01,0.0075,0.0025,1,8508,8833,17341,19999,2490,0.2818974300917016,4.373518563000005,0.5093708551986621
0.01,0.0075,0.005,1,9644,7652,17296,20000,1263,0.16505488761108206,4.628338036000002,0.4424144310823312
0.01,0.005,0.0125,1,12939,2736,15675,20000,177,0.06469298245614036,5.076389806000002,0.17454545454545456
0.01,0.0075,0.0075,1,9837,7135,16972,20000,755,0.10581639803784162,4.862119249999999,0.42039830308743814
0.01,0.0075,0.01,1,9947,7054,17001,19999,520,0.07371703997731784,5.217046728,0.41491676960178814
0.01,0.01,0.0025,1,6562,11540,18102,20000,2550,0.22097053726169844,4.916108408999996,0.637498618937134
0.01,0.0075,0.0125,1,9896,6725,16621,20000,437,0.0649814126394052,5.680721421000001,0.4046086276397329
0.01,0.01,0.005,1,7364,10933,18297,20000,1492,0.13646757523095215,5.095135087999999,0.5975296496693447
0.0125,0.0025,0.0025,1,15697,1034,16731,20000,422,0.4081237911025145,2.650562929000003,0.06180144641683103
0.01,0.01,0.0075,1,7499,10555,18054,19999,975,0.09237328280435812,5.2863617600000055,0.5846349839370777
0.01,0.01,0.01,1,7643,10434,18077,19999,718,0.06881349434540925,5.46090804,0.577197543840239
0.0125,0.0025,0.005,1,16240,551,16791,20000,115,0.20871143375680581,2.878436885999996,0.03281519861830743
0.01,0.0125,0.0025,1,5261,13129,18390,20000,2254,0.17168101150125675,5.234544153999998,0.7139206090266449
0.0125,0.0025,0.0075,1,16422,434,16856,20000,53,0.12211981566820276,3.241349370000002,0.02574750830564784
0.01,0.0125,0.005,1,5951,12803,18754,20000,1426,0.11138014527845036,5.372398856000004,0.6826810280473499
0.01,0.01,0.0125,1,7439,10312,17751,20000,613,0.05944530643910008,5.807430555000003,0.5809250183088277
0.01,0.0125,0.0075,1,6017,12715,18732,19999,937,0.07369248918600078,5.5797197209999965,0.6787849669015589
0.0125,0.0025,0.01,1,16637,347,16984,20000,30,0.08645533141210375,3.6051547180000014,0.020430993876589733
0.01,0.0125,0.01,1,5685,12790,18475,19999,832,0.06505082095387021,5.785216500000004,0.6922868741542625
0.0125,0.005,0.0025,1,12045,5242,17287,20000,1884,0.35940480732544833,3.323524683999999,0.30323364377856193
0.0125,0.0025,0.0125,1,16671,317,16988,20000,25,0.07886435331230283,3.9398467679999953,0.018660230751118438
0.0125,0.005,0.005,1,13127,4068,17195,20000,864,0.21238938053097345,3.4278104169999963,0.2365804012794417
0.01,0.0125,0.0125,1,5655,12847,18502,20000,680,0.05293064528683739,5.889740233000005,0.6943573667711599
0.0125,0.005,0.0075,1,13528,3670,17198,20000,502,0.13678474114441416,3.644530764999999,0.2133969066170485
0.0125,0.005,0.01,1,13471,3392,16863,20000,261,0.07694575471698113,4.075357997999994,0.2011504477257902
0.0125,0.0075,0.0025,1,9057,9721,18778,20000,2845,0.29266536364571544,3.731473034000004,0.5176802641388859
0.0125,0.005,0.0125,1,13657,3322,16979,20000,200,0.060204695966285374,4.416765573999996,0.19565345426703576
0.0125,0.0075,0.005,1,10067,8592,18659,20000,1445,0.16817970204841715,3.9666393870000007,0.4604748378798435
0.0125,0.0075,0.0075,1,10564,8078,18642,20000,883,0.10930923495914831,4.304593777000001,0.43332260487072205
0.0125,0.0075,0.01,1,10662,7822,18484,20000,614,0.07849654819739198,4.495695279000003,0.42317680155810433
0.0125,0.01,0.0025,1,6847,12727,19574,20000,2894,0.22739058694114875,4.327660948000009,0.6501992438949628
0.0025,0.0025,0.0025,2,9623,57,9680,18637,15,0.2631578947368421,1.4225412389999974,0.005888429752066116
0.0125,0.0075,0.0125,1,10709,7735,18444,20000,443,0.0572721396250808,4.785959795000004,0.41937757536326176
0.0025,0.0025,0.005,2,10533,41,10574,18719,7,0.17073170731707318,1.6888111840000022,0.0038774352184603746
0.0125,0.01,0.005,1,7966,12044,20010,20000,1721,0.14289272666888078,4.510483403999999,0.6018990504747627
0.0025,0.0025,0.0075,2,10656,18,10674,18764,4,0.2222222222222222,1.8982167760000053,0.0016863406408094434
0.0125,0.01,0.0075,1,8215,11736,19951,20000,1032,0.08793456032719836,4.676234705000006,0.5882411909177485
0.0125,0.01,0.01,1,8245,11693,19938,20000,703,0.060121440177884206,5.021250831000003,0.5864680509579697
0.0025,0.005,0.0025,2,5995,429,6424,18750,138,0.32167832167832167,1.7186985889999988,0.06678082191780822
0.0125,0.01,0.0125,1,8085,11594,19679,20000,579,0.04993962394341901,5.268127073000002,0.5891559530463947
0.0025,0.0025,0.01,2,10738,17,10755,18703,0,0.0,2.1560437509999986,0.0015806601580660158
0.0125,0.0125,0.0025,1,5660,14270,19930,20000,2368,0.16594253679046952,4.815054061999994,0.7160060210737581
0.0025,0.005,0.005,2,6544,302,6846,18678,67,0.22185430463576158,1.8188797800000032,0.04411335086181712
0.0125,0.0125,0.005,1,6319,14057,20376,20000,1574,0.11197268264921391,4.982281456000003,0.689880251276011
0.0025,0.0025,0.0125,2,10838,24,10862,18754,1,0.041666666666666664,2.4152323819999992,0.0022095378383354815
0.0025,0.005,0.0075,2,6649,233,6882,18671,35,0.15021459227467812,2.017751182000012,0.033856437082243535
0.0125,0.0125,0.0075,1,6432,14149,20581,20000,978,0.0691214926849954,5.250690853000002,0.6874787425295175
0.0025,0.0075,0.0025,2,4073,830,4903,18709,242,0.29156626506024097,1.7553563139999966,0.16928411176830513
0.0025,0.005,0.01,2,6788,232,7020,18679,27,0.11637931034482758,2.129839160000003,0.03304843304843305
0.0025,0.0075,0.005,2,4606,690,5296,18661,140,0.2028985507246377,1.9352581800000053,0.13028700906344412
0.0125,0.0125,0.01,1,6341,14272,20613,20000,775,0.05430213004484305,5.386343424999993,0.6923785960316305
0.0025,0.005,0.0125,2,6737,241,6978,18697,24,0.0995850622406639,2.4062415690000023,0.034537116652335914
0.0025,0.0075,0.0075,2,4683,645,5328,18683,92,0.14263565891472868,2.106907332999995,0.12105855855855856
0.0025,0.01,0.0025,2,3234,1132,4366,18714,308,0.27208480565371024,1.9144972600000045,0.2592762253779203
0.0025,0.01,0.005,2,3498,1063,4561,18678,237,0.22295390404515522,1.9004744490000007,0.2330629247971936
0.0025,0.0075,0.01,2,4549,596,5145,18711,85,0.14261744966442952,2.154772649999998,0.11584062196307095
0.0125,0.0125,0.0125,1,6061,14293,20354,20000,668,0.046736164556076404,5.722816741000003,0.7022206937211359
0.0025,0.01,0.0075,2,3344,948,4292,18686,132,0.13924050632911392,2.0276774619999998,0.22087604846225536
0.0025,0.0075,0.0125,2,4548,591,5139,18753,67,0.11336717428087986,2.34907822400001,0.11500291885580852
0.0025,0.0125,0.0025,2,2548,1214,3762,18762,333,0.2742998352553542,1.7889567250000056,0.32270069112174377
0.0025,0.01,0.01,2,3168,961,4129,18713,139,0.14464099895941726,2.155615116000007,0.23274400581254542
0.005,0.0025,0.0025,2,12891,328,13219,19911,98,0.29878048780487804,1.4934909069999946,0.0248127694984492
0.0025,0.0125,0.005,2,2699,1248,3947,18685,223,0.17868589743589744,1.8353909249999987,0.3161895110210286
0.0025,0.01,0.0125,2,3089,958,4047,18676,124,0.12943632567849686,2.069587994999992,0.2367185569557697
0.0025,0.0125,0.0075,2,2617,1237,3854,18714,197,0.15925626515763944,1.8818628220000022,0.32096523092890505
0.0025,0.0125,0.01,2,2400,1183,3583,18695,159,0.13440405748098055,1.9191281169999996,0.33017024839519954
0.005,0.0025,0.005,2,13591,186,13777,19903,31,0.16666666666666666,1.6231471490000047,0.013500762139798214
0.0025,0.0125,0.0125,2,2191,1194,3385,18700,196,0.16415410385259632,1.898173749999998,0.35273264401772525
0.005,0.005,0.0025,2,8819,2032,10851,19903,632,0.3110236220472441,2.0647762279999995,0.18726384665007834
0.005,0.0025,0.0075,2,13832,133,13965,19916,13,0.09774436090225563,2.158959408000001,0.009523809523809525
0.005,0.005,0.005,2,9736,1489,11225,19920,307,0.20617864338482203,2.334816267000008,0.13265033407572382
0.005,0.0025,0.01,2,13865,118,13983,19915,12,0.1016949152542373,2.477190636000003,0.008438818565400843
0.005,0.005,0.0075,2,9898,1278,11176,19914,155,0.12128325508607199,2.5480341260000046,0.11435218324982105
0.005,0.0075,0.0025,2,6490,3992,10482,19915,1087,0.2722945891783567,2.481644959999997,0.3808433505056287
0.005,0.0025,0.0125,2,14194,89,14283,19918,5,0.056179775280898875,2.771371191,0.006231183924945739
0.005,0.0075,0.005,2,7261,3384,10645,19900,587,0.17346335697399526,2.695835946999992,0.31789572569281355
0.005,0.005,0.01,2,9918,1145,11063,19898,115,0.10043668122270742,2.796787162000001,0.10349814697640784
0.005,0.0075,0.0075,2,7225,3081,10306,19908,375,0.12171372930866602,2.891277905999999,0.2989520667572288
0.005,0.01,0.0025,2,5052,5343,10395,19907,1283,0.2401272693243496,2.8266219970000037,0.513997113997114
0.005,0.01,0.005,2,5572,4826,10398,19932,788,0.1632822213012847,2.8708154699999966,0.4641277168686286
0.005,0.005,0.0125,2,9944,1093,11037,19900,89,0.08142726440988106,3.0994962640000097,0.09903053365950892
0.005,0.0075,0.01,2,7226,2850,10076,19903,304,0.10666666666666667,3.035618192000001,0.28285033743549026
0.005,0.01,0.0075,2,5459,4725,10184,19920,605,0.12804232804232804,3.0705368809999953,0.4639630793401414
0.005,0.0075,0.0125,2,7121,2795,9916,19939,233,0.08336314847942755,3.3140681180000087,0.2818676885841065
0.0075,0.0025,0.0025,2,14459,600,15059,19993,230,0.38333333333333336,1.9474651000000023,0.03984328308652633
0.0075,0.0025,0.005,2,15101,336,15437,19996,73,0.21726190476190477,2.222034140000005,0.021765887154239813
0.005,0.0125,0.0025,2,4041,6063,10104,19917,1252,0.20649843311891802,2.9492406020000033,0.6000593824228029
0.005,0.01,0.01,2,5317,4663,9980,19926,503,0.10787046965472871,3.3621359480000024,0.46723446893787574
0.005,0.0125,0.005,2,4485,5779,10264,19919,848,0.1467381899982696,3.0697097040000045,0.5630358534684333
0.005,0.01,0.0125,2,5163,4536,9699,19922,459,0.10119047619047619,3.451626994999998,0.4676770801113517
0.0075,0.0025,0.0075,2,15184,277,15461,19993,34,0.12274368231046931,2.52865457099999,0.017916046827501454
0.0075,0.005,0.0025,2,10497,3640,14137,19994,1138,0.31263736263736264,2.6191991059999964,0.25748037065855556
0.005,0.0125,0.0075,2,4359,5869,10228,19910,647,0.1102402453569603,3.3309491870000016,0.5738169730152523
0.0075,0.005,0.005,2,11359,2732,14091,19991,488,0.17862371888726208,2.7912009359999956,0.1938826201121283
0.0075,0.0025,0.01,2,15270,239,15509,19997,24,0.100418410041841,2.9901374439999984,0.015410406860532595
0.005,0.0125,0.01,2,4094,5810,9904,19938,601,0.10344234079173838,3.538663741999997,0.5866316639741519
0.005,0.0125,0.0125,2,3921,5885,9806,19919,628,0.10671197960917587,3.650600655000005,0.6001427697328167
0.0075,0.005,0.0075,2,11722,2404,14126,19991,274,0.11397670549084858,3.046101692999997,0.17018264193685403
0.0075,0.0025,0.0125,2,15387,197,15584,19992,14,0.07106598984771574,3.3896416089999946,0.012641170431211499
0.0075,0.005,0.01,2,11699,2177,13876,19997,206,0.09462563160312357,3.4409014980000023,0.15688959354280774
0.0075,0.0075,0.0025,2,7670,6959,14629,19992,1853,0.2662738899267136,3.115330001999993,0.47569895413220314
0.0075,0.005,0.0125,2,11859,2104,13963,19996,150,0.07129277566539924,3.7094116840000027,0.15068395044044977
0.0075,0.0075,0.005,2,8633,6104,14737,19994,1112,0.182175622542595,3.3542231809999947,0.4141955621904051
0.0075,0.0075,0.0075,2,8870,5469,14339,19998,594,0.1086121777290181,3.559155083999997,0.38140735058232794
0.0075,0.01,0.0025,2,6004,9306,15310,19998,2033,0.21846120782290995,3.510045826999999,0.607838014369693
0.0075,0.0075,0.01,2,8893,5236,14129,19995,458,0.08747135217723453,3.8108631289999977,0.37058532097105246
0.0075,0.01,0.005,2,6745,8549,15294,19997,1274,0.14902327757632472,3.680042164999989,0.5589773767490519
0.0075,0.0075,0.0125,2,8864,5227,14091,19991,357,0.06829921561124928,4.0574148309999885,0.37094599389681354
0.0075,0.01,0.0075,2,6794,8208,15002,19998,877,0.10684697855750487,3.8824211010000056,0.5471270497267031
0.0075,0.0125,0.0025,2,4840,10437,15277,19997,1928,0.1847274120915972,3.864254659000011,0.6831838711788963
0.0075,0.01,0.01,2,6707,8128,14835,19998,663,0.08156988188976377,4.0863818799999905,0.5478934951129086
0.0075,0.0125,0.005,2,5337,10274,15611,19997,1279,0.12448900136266303,3.932554651999993,0.6581256806098265
0.01,0.0025,0.0025,2,14982,807,15789,20000,312,0.38661710037174724,2.0808211299999897,0.05111153334600038
0.0075,0.01,0.0125,2,6571,8030,14601,19992,570,0.07098381070983811,4.394106674,0.549962331347168
0.0075,0.0125,0.0075,2,5271,10130,15401,19992,983,0.09703849950641659,4.132859241999995,0.657749496785923
0.01,0.0025,0.005,2,15655,492,16147,19999,108,0.21951219512195122,2.4116810219999962,0.03047005635721806
0.0075,0.0125,0.01,2,5124,10109,15233,19998,785,0.0776535760213671,4.540533957000008,0.6636250246176065
0.01,0.0025,0.0075,2,15985,344,16329,20000,36,0.10465116279069768,2.7668961359999997,0.02106681364443628
0.0075,0.0125,0.0125,2,4972,10234,15206,19994,727,0.07103771741254641,4.579444291999991,0.6730238063922136
0.01,0.0025,0.01,2,15906,293,16199,20000,19,0.06484641638225255,3.10375123499999,0.018087536267670845
0.01,0.005,0.0025,2,11327,4775,16102,20000,1616,0.33842931937172777,2.8692554609999945,0.2965470127934418
0.01,0.005,0.005,2,12446,3654,16100,19999,665,0.18199233716475097,3.0900564309999936,0.22695652173913045
0.01,0.0025,0.0125,2,16198,255,16453,20000,11,0.043137254901960784,3.5072153959999923,0.01549869324743208
0.01,0.005,0.0075,2,12674,3227,15901,19999,379,0.11744654477843199,3.364444505999998,0.20294321111879757
0.01,0.005,0.01,2,12798,2830,15628,20000,217,0.07667844522968198,3.6339668729999914,0.18108523163552598
0.01,0.0075,0.0025,2,8545,8835,17380,20000,2451,0.27741935483870966,3.399109272000004,0.5083429228998849
0.01,0.0075,0.005,2,9641,7676,17317,20000,1310,0.1706618030224075,3.6144321959999957,0.4432638447768089
0.01,0.005,0.0125,2,12887,2828,15715,20000,153,0.0541018387553041,4.067195249000008,0.1799554565701559
0.01,0.0075,0.0075,2,9775,7162,16937,19999,740,0.10332309410779111,3.890719482999998,0.4228611914742871
0.01,0.0075,0.01,2,9990,6958,16948,20000,521,0.0748778384593274,4.241339401000005,0.4105499173943828
0.01,0.01,0.0025,2,6618,11509,18127,20000,2479,0.2153966461030498,3.956685758000006,0.6349092513929497
0.01,0.0075,0.0125,2,10016,6775,16791,20000,397,0.05859778597785978,4.405979826999996,0.4034899648621285
0.01,0.01,0.005,2,7445,10824,18269,20000,1553,0.14347745750184773,4.146772814000002,0.592479062893426
0.0125,0.0025,0.0025,2,15681,911,16592,20000,381,0.41822173435784854,2.0807891710000064,0.05490597878495661
0.01,0.01,0.0075,2,7662,10557,18219,20000,966,0.0915032679738562,4.337833592999999,0.5794500246994896
0.01,0.01,0.01,2,7750,10330,18080,20000,684,0.06621490803484995,4.580034975000004,0.5713495575221239
0.0125,0.0025,0.005,2,16251,531,16782,20000,107,0.2015065913370998,2.4481639809999933,0.03164104397568824
0.01,0.0125,0.0025,2,5155,13171,18326,20000,2292,0.17401867739731228,4.311945039999998,0.7187056640838153
0.01,0.01,0.0125,2,7340,10342,17682,19998,611,0.05907948172500484,4.846384899,0.5848885872638842
0.0125,0.0025,0.0075,2,16393,438,16831,20000,52,0.1187214611872146,2.8267857250000077,0.026023409185431643
0.01,0.0125,0.005,2,5914,12749,18663,19999,1445,0.11334222291944467,4.459017685999996,0.6831163264212613
0.01,0.0125,0.0075,2,6027,12723,18750,20000,995,0.07820482590583981,4.654207296999999,0.67856
0.0125,0.0025,0.01,2,16525,355,16880,20000,36,0.10140845070422536,3.2303433849999976,0.02103080568720379
0.0125,0.005,0.0025,2,11941,5303,17244,20000,1842,0.34735055628889305,2.969075536999995,0.3075272558571097
0.01,0.0125,0.01,2,5786,12755,18541,20000,777,0.06091728733829871,4.927502494999999,0.6879348470956259
0.0125,0.005,0.005,2,13150,4086,17236,20000,896,0.219285364659814,3.183877897000002,0.23706196333255977
0.0125,0.0025,0.0125,2,16630,330,16960,20000,22,0.06666666666666667,3.6375710709999964,0.01945754716981132
0.01,0.0125,0.0125,2,5621,12803,18424,20000,707,0.05522143247676326,5.113544383000004,0.6949088145896657
0.0125,0.005,0.0075,2,13292,3742,17034,20000,468,0.12506680919294494,3.564039373,0.2196782904778678
0.0125,0.005,0.01,2,13662,3387,17049,20000,308,0.09093593150280484,3.836901320999999,0.1986626781629421
0.0125,0.0075,0.0025,2,9244,9572,18816,20000,2751,0.2874007521938989,3.703400919999993,0.5087159863945578
0.0125,0.005,0.0125,2,13637,3225,16862,20000,210,0.06511627906976744,4.241544567999995,0.19125845095480964
0.0125,0.0075,0.005,2,10119,8633,18752,20000,1494,0.17305687478281015,3.8772867970000107,0.4603775597269625
0.0125,0.0075,0.0075,2,10560,8023,18583,20000,883,0.11005858157796336,4.155663923000006,0.4317386858957111
0.0025,0.0025,0.0025,3,9728,68,9796,18690,19,0.27941176470588236,1.3344576700000061,0.006941608819926501
0.0125,0.01,0.0025,2,6901,12693,19594,20000,2833,0.22319388639407547,4.263441974999992,0.6478003470450138
0.0125,0.0075,0.01,2,10522,7860,18382,20000,553,0.07035623409669212,4.465946184000003,0.4275922097704276
0.0025,0.0025,0.005,3,10484,29,10513,18752,3,0.10344827586206896,1.6061056289999982,0.002758489489203843
0.0125,0.01,0.005,2,8043,11936,19979,20000,1690,0.14158847184986595,4.449975644000006,0.5974272986635968
0.0125,0.0075,0.0125,2,10688,7687,18375,20000,456,0.05932093144269546,4.802178323000007,0.4183401360544218
0.0025,0.0025,0.0075,3,10801,24,10825,18737,2,0.08333333333333333,1.7786914050000036,0.0022170900692840647
0.0125,0.01,0.0075,2,8145,11836,19981,20000,981,0.08288273065224738,4.644184725000002,0.592362744607377
0.0125,0.01,0.01,2,8180,11675,19855,20000,748,0.06406852248394004,4.801654537999994,0.5880130949383027
0.0025,0.0025,0.01,3,10741,15,10756,18705,1,0.06666666666666667,2.086163313,0.0013945704722945333
0.0125,0.0125,0.0025,2,5563,14359,19922,19999,2453,0.1708336235113866,4.6245460539999925,0.7207609677743199
0.0025,0.005,0.0025,3,5918,385,6303,18650,123,0.3194805194805195,1.485632056,0.06108202443280977
0.0125,0.01,0.0125,2,8137,11525,19662,20000,620,0.053796095444685464,5.121871249999998,0.5861560370257349
0.0125,0.0125,0.005,2,6299,14129,20428,20000,1506,0.10658928445042112,4.7465528120000045,0.6916487174466419
0.0025,0.005,0.005,3,6488,303,6791,18732,52,0.1716171617161716,1.6916641699999957,0.044617876601384186
0.0025,0.0025,0.0125,3,10874,11,10885,18656,0,0.0,2.2924950570000107,0.0010105649977032614
0.0125,0.0125,0.0075,2,6462,14194,20656,20000,1020,0.07186134986614062,5.136179257000009,0.6871611154144074
0.0025,0.005,0.0075,3,6694,266,6960,18641,35,0.13157894736842105,2.0173184100000014,0.0382183908045977
0.0025,0.0075,0.0025,3,4146,870,5016,18690,263,0.3022988505747126,1.6922084600000034,0.173444976076555
0.0025,0.0075,0.005,3,4575,705,5280,18676,134,0.1900709219858156,1.7531640570000064,0.13352272727272727
0.0025,0.005,0.01,3,6685,225,6910,18734,21,0.09333333333333334,2.1684186760000017,0.03256150506512301
0.0125,0.0125,0.01,2,6275,14166,20441,20000,774,0.054637865311308764,5.249352246000001,0.6930189325375471
0.0025,0.005,0.0125,3,6731,207,6938,18737,23,0.1111111111111111,2.3164370390000073,0.02983568751801672
0.0025,0.0075,0.0075,3,4549,629,5178,18724,92,0.14626391096979333,1.9860771190000008,0.12147547315565856
0.0125,0.0125,0.0125,2,6164,14343,20507,20000,668,0.046573241302377465,5.230000322999999,0.6994197103428098
0.0025,0.01,0.0025,3,3095,1123,4218,18721,289,0.25734639358860195,1.8169396599999885,0.26623992413466097
0.0025,0.0075,0.01,3,4501,605,5106,18730,70,0.11570247933884298,2.1630097070000005,0.11848805327066196
0.0025,0.01,0.005,3,3461,1104,4565,18691,207,0.1875,1.9299179739999914,0.24184008762322015
0.0025,0.0075,0.0125,3,4597,557,5154,18776,62,0.11131059245960502,2.3064281060000127,0.10807140085370585
0.0025,0.01,0.0075,3,3378,967,4345,18718,148,0.15305067218200621,2.0202487279999986,0.22255466052934408
0.0025,0.01,0.01,3,3221,939,4160,18647,149,0.15867944621938232,2.1361962840000075,0.22572115384615385
0.0025,0.0125,0.0025,3,2502,1251,3753,18733,319,0.25499600319744203,1.8126138399999974,0.3333333333333333
0.0025,0.0125,0.005,3,2735,1245,3980,18742,248,0.19919678714859437,1.9168065200000086,0.3128140703517588
0.0025,0.01,0.0125,3,3166,899,4065,18825,127,0.14126807563959956,2.276718414000001,0.22115621156211562
0.005,0.0025,0.0025,3,12928,286,13214,19912,99,0.34615384615384615,1.7365386719999947,0.02164371121537763
0.0025,0.0125,0.0075,3,2670,1193,3863,18713,182,0.15255658005029338,2.0572962899999965,0.30882733626714987
0.0025,0.0125,0.01,3,2292,1252,3544,18736,163,0.13019169329073482,2.1656681939999913,0.35327313769751695
0.005,0.0025,0.005,3,13614,194,13808,19921,33,0.17010309278350516,1.9708027529999868,0.014049826187717265
0.0025,0.0125,0.0125,3,2243,1267,3510,18674,178,0.1404893449092344,2.3195057150000054,0.360968660968661
0.005,0.0025,0.0075,3,13761,123,13884,19917,9,0.07317073170731707,2.2963834549999973,0.008859118409680207
0.005,0.005,0.0025,3,8842,2059,10901,19921,651,0.3161728994657601,2.159725249999994,0.1888817539675259
0.005,0.0025,0.01,3,13980,112,14092,19931,12,0.10714285714285714,2.6022917800000016,0.007947771785410162
0.005,0.005,0.005,3,9529,1506,11035,19934,278,0.1845949535192563,2.443695396999999,0.13647485274127774
0.005,0.0025,0.0125,3,13972,98,14070,19918,3,0.030612244897959183,2.9240275850000046,0.006965174129353234
0.005,0.005,0.0075,3,9845,1306,11151,19907,152,0.11638591117917305,2.616594212999999,0.11711954084835441
0.005,0.0075,0.0025,3,6538,4034,10572,19925,1093,0.2709469509172038,2.549979719999996,0.38157396897465
0.005,0.005,0.01,3,9991,1157,11148,19925,128,0.11063094209161625,2.918457530000012,0.10378543236454969
0.005,0.0075,0.005,3,7268,3345,10613,19905,632,0.18893871449925262,2.710303834000001,0.31517949684349383
0.005,0.005,0.0125,3,9961,1067,11028,19913,89,0.08341143392689784,3.1339487440000084,0.09675371780921291
0.005,0.0075,0.0075,3,7265,3090,10355,19915,389,0.12588996763754046,2.884800367000011,0.29840656687590533
0.005,0.01,0.0025,3,4999,5424,10423,19914,1336,0.24631268436578171,2.757574520999995,0.5203876043365634
0.005,0.0075,0.01,3,7295,2958,10253,19906,292,0.09871534820824882,3.057907161000003,0.2885009265580806
0.005,0.01,0.005,3,5599,4794,10393,19918,796,0.16604088443888193,2.938478168000003,0.4612720100067353
0.005,0.0075,0.0125,3,7232,2795,10027,19913,235,0.08407871198568873,3.252705098000007,0.27874738206841526
0.005,0.01,0.0075,3,5567,4719,10286,19921,593,0.12566221657130747,2.9927987359999975,0.4587789228076998
0.0075,0.0025,0.0025,3,14275,612,14887,19995,230,0.3758169934640523,1.8873966299999978,0.041109693020756365
0.005,0.01,0.01,3,5278,4726,10004,19933,527,0.11151079136690648,3.279552109000008,0.4724110355857657
0.005,0.0125,0.0025,3,3956,6017,9973,19903,1319,0.21921223200930695,2.9625025120000004,0.6033289882683245
0.005,0.0125,0.005,3,4469,5861,10330,19925,907,0.1547517488483194,2.985811376000001,0.567376573088093
0.005,0.01,0.0125,3,5289,4584,9873,19905,452,0.09860383944153578,3.461580076000004,0.46429656639319355
0.0075,0.0025,0.005,3,14893,381,15274,19993,61,0.16010498687664043,2.1963529180000023,0.024944349875605603
0.005,0.0125,0.0075,3,4346,5839,10185,19913,734,0.12570645658503168,3.2209969059999963,0.573294059891998
0.0075,0.0025,0.0075,3,15191,269,15460,19998,29,0.10780669144981413,2.556334867000004,0.01739974126778784
0.005,0.0125,0.01,3,4102,5806,9908,19918,612,0.10540819841543231,3.329140207000009,0.5859911182882519
0.0075,0.005,0.0025,3,10423,3677,14100,19994,1167,0.3173782975251564,2.530254622000001,0.26078014184397164
0.0075,0.0025,0.01,3,15379,219,15598,19998,12,0.0547945205479452,2.884040313,0.01404026157199641
0.005,0.0125,0.0125,3,3925,5807,9732,19905,620,0.10676769416221801,3.582813864000002,0.5966913275791205
0.0075,0.005,0.005,3,11327,2780,14107,19995,513,0.18453237410071943,2.8129741310000043,0.19706528673708087
0.0075,0.0025,0.0125,3,15353,182,15535,19992,11,0.06043956043956044,3.266622046000009,0.011715481171548118
0.0075,0.005,0.0075,3,11695,2308,14003,19994,245,0.1061525129982669,3.0533890219999904,0.16482182389487968
0.0075,0.005,0.01,3,11828,2193,14021,19994,197,0.0898312813497492,3.2894974710000042,0.1564082447756936
0.0075,0.0075,0.0025,3,7759,7036,14795,19997,1882,0.2674815235929505,2.9377640229999997,0.4755660696181142
0.0075,0.0075,0.005,3,8710,5993,14703,19999,1053,0.175704989154013,3.006487360999998,0.40760389036251105
0.0075,0.005,0.0125,3,11852,2015,13867,19997,134,0.06650124069478908,3.466581656999992,0.14530900699502416
0.0075,0.0075,0.0075,3,8858,5493,14351,19995,592,0.10777352994720553,3.2540493549999923,0.38276078322068147
0.0075,0.0075,0.01,3,8823,5349,14172,19997,452,0.08450177603290335,3.5351593080000043,0.37743437764606264
0.0075,0.01,0.0025,3,5937,9240,15177,19994,2034,0.22012987012987012,3.2187951009999978,0.6088159715358766
0.0075,0.0075,0.0125,3,8832,5174,14006,19996,346,0.06687282566679552,3.802528033999991,0.3694131086677138
0.0075,0.01,0.005,3,6663,8477,15140,19995,1274,0.15028901734104047,3.345513357999991,0.5599075297225892
0.0075,0.01,0.0075,3,6778,8307,15085,19996,874,0.1052124714096545,3.466705282999996,0.550679482930063
0.0075,0.0125,0.0025,3,4811,10476,15287,19992,1904,0.1817487590683467,3.481490253000004,0.6852881533328973
0.0075,0.01,0.01,3,6485,8123,14608,19993,678,0.08346669949526037,3.7602419819999966,0.5560651697699891
0.01,0.0025,0.0025,3,15221,750,15971,20000,282,0.376,1.960229050999999,0.04696011520881598
0.0075,0.0125,0.005,3,5492,10111,15603,19995,1277,0.12629809118781526,3.6357191150000006,0.6480164071011985
0.0075,0.01,0.0125,3,6617,8126,14743,19996,590,0.07260644843711543,4.009346495999992,0.551176829681883
0.01,0.0025,0.005,3,15744,456,16200,19999,93,0.20394736842105263,2.2448196379999956,0.028148148148148148
0.01,0.0025,0.0075,3,15972,359,16331,20000,43,0.11977715877437325,2.6559170450000096,0.021982732227052843
0.01,0.0025,0.01,3,16088,310,16398,19999,31,0.1,2.9775557419999927,0.018904744481034273
0.01,0.005,0.0025,3,11547,4643,16190,20000,1592,0.3428817574843851,2.6890032750000046,0.2867819641754169
0.0075,0.0125,0.0075,3,5260,10282,15542,19995,987,0.09599299747130909,3.9774256809999997,0.661562218504697
0.01,0.005,0.005,3,12386,3658,16044,20000,721,0.19710224166211043,2.946561399999993,0.22799800548491647
0.01,0.0025,0.0125,3,16113,252,16365,19999,20,0.07936507936507936,3.303104757,0.0153987167736022
0.0075,0.0125,0.01,3,5206,10254,15460,19990,784,0.07645796762239127,4.075164669999992,0.6632600258732212
0.0075,0.0125,0.0125,3,4991,10266,15257,19994,724,0.07052406000389635,4.316714286000007,0.6728714688339779
0.01,0.005,0.0075,3,12727,3197,15924,20000,377,0.11792305286205818,3.213326699999996,0.20076613916101482
0.01,0.005,0.01,3,12860,2936,15796,19999,247,0.08412806539509536,3.4911553270000013,0.18586984046594074
0.01,0.0075,0.0025,3,8575,8803,17378,19999,2423,0.2752470748608429,3.3307586650000047,0.5065600184140868
0.01,0.0075,0.005,3,9517,7632,17149,20000,1290,0.1690251572327044,3.4232768399999998,0.4450405271444399
0.01,0.005,0.0125,3,12959,2758,15717,20000,161,0.0583756345177665,3.8082857269999977,0.175478780937838
0.01,0.0075,0.0075,3,9847,7197,17044,20000,796,0.11060163957204391,3.774268261000003,0.42226003285613706
0.01,0.0075,0.01,3,9964,6910,16874,20000,548,0.07930535455861071,3.933393558000006,0.40950574848879934
0.01,0.0075,0.0125,3,9978,6778,16756,20000,410,0.060489820005901446,4.210869352000003,0.404511816662688
0.01,0.01,0.0025,3,6548,11511,18059,19999,2492,0.21648857614455738,3.7448045529999945,0.6374107093416025
0.0125,0.0025,0.0025,3,15645,898,16543,20000,379,0.4220489977728285,2.0653390880000018,0.05428277821435048
0.01,0.01,0.005,3,7595,10796,18391,19999,1534,0.1420896628380882,3.934784691999994,0.5870262628459573
0.01,0.01,0.0075,3,7706,10553,18259,19998,960,0.0909693925897849,4.097916573000006,0.5779615532066378
0.0125,0.0025,0.005,3,16248,555,16803,20000,114,0.20540540540540542,2.3362719370000065,0.0330298161042671
0.01,0.0125,0.0025,3,5316,13227,18543,19999,2274,0.17192107053753686,4.181380578999992,0.7133149975732083
0.01,0.01,0.01,3,7690,10361,18051,20000,728,0.07026348808030113,4.380056736,0.573984820785552
0.0125,0.0025,0.0075,3,16443,465,16908,20000,58,0.12473118279569892,2.708335992000002,0.027501774308019873
0.01,0.0125,0.005,3,5963,12846,18809,20000,1454,0.11318698427526078,4.298633096000003,0.6829709181774682
0.01,0.01,0.0125,3,7573,10311,17884,20000,631,0.061196780137717004,4.646843845999996,0.5765488704987699
0.01,0.0125,0.0075,3,5905,12570,18475,19998,1009,0.08027048528241845,4.448215337000008,0.6803788903924222
0.01,0.0125,0.01,3,5769,12861,18630,20000,805,0.06259233341108779,4.572466590000005,0.6903381642512078
0.0125,0.0025,0.01,3,16591,389,16980,20000,26,0.06683804627249357,3.108218853000011,0.022909305064782098
0.0125,0.005,0.0025,3,12040,5278,17318,20000,1951,0.3696475937855248,2.7650570859999988,0.3047696038803557
0.01,0.0125,0.0125,3,5721,12819,18540,20000,730,0.05694671971292613,4.88763544599999,0.6914239482200647
0.0125,0.0025,0.0125,3,16571,314,16885,20000,19,0.06050955414012739,3.399909459,0.01859638732602902
0.0125,0.005,0.005,3,13121,4054,17175,20000,876,0.2160828811050814,3.0448899400000045,0.23604075691411935
0.0125,0.005,0.0075,3,13370,3681,17051,20000,490,0.13311600108666125,3.3962230850000026,0.21588176646530996
0.0125,0.005,0.01,3,13508,3383,16891,20000,285,0.08424475317765297,3.6550969460000005,0.20028417500444023
0.0125,0.0075,0.0025,3,9084,9759,18843,20000,2749,0.2816886976124603,3.4150112769999907,0.5179111606432096
0.0125,0.005,0.0125,3,13697,3279,16976,20000,197,0.06007929246721561,3.940931136000003,0.19315504241281808
0.0125,0.0075,0.005,3,10162,8642,18804,20000,1467,0.1697523721360796,3.6396626659999924,0.4595830674324612
0.0125,0.0075,0.0075,3,10419,8254,18673,20000,937,0.11352071722801066,3.8157524230000064,0.4420285974401542
0.0125,0.0075,0.01,3,10642,8013,18655,20000,609,0.07600149756645451,4.065358353000008,0.4295363173411954
0.0025,0.0025,0.0025,4,9666,70,9736,18720,22,0.3142857142857143,1.3014168070000096,0.007189811010682005
0.0125,0.01,0.0025,3,6890,12655,19545,20000,2825,0.22323192414065587,3.918570213999999,0.6474801739575339
0.0125,0.0075,0.0125,3,10664,7727,18391,20000,472,0.06108450886501877,4.403746035000012,0.4201511608939155
0.0125,0.01,0.005,3,8072,11910,19982,20000,1670,0.14021830394626364,4.1386626190000015,0.5960364327895106
0.0025,0.0025,0.005,4,10346,37,10383,18634,5,0.13513513513513514,1.5233862729999998,0.00356351728787441
0.0125,0.01,0.0075,3,8167,11830,19997,20000,1058,0.08943364327979712,4.346189647000003,0.5915887383107467
0.0025,0.0025,0.0075,4,10731,23,10754,18711,5,0.21739130434782608,1.7284616150000005,0.0021387390738329924
0.0125,0.01,0.01,3,8080,11661,19741,20000,756,0.06483148958065346,4.599018735999991,0.5906995592928423
0.0125,0.0125,0.0025,3,5465,14424,19889,20000,2461,0.170618413754853,4.453660814999992,0.7252249987430238
0.0025,0.005,0.0025,4,5987,449,6436,18712,149,0.33184855233853006,1.541772151999993,0.06976382846488502
0.0125,0.01,0.0125,3,8232,11497,19729,20000,561,0.0487953379142385,4.772070527999986,0.5827462111612347
0.0125,0.0125,0.005,3,6393,14116,20509,20000,1614,0.1143383394729385,4.552679092999995,0.6882831927446487
0.0025,0.0025,0.01,4,10889,19,10908,18740,2,0.10526315789473684,2.1537880150000035,0.0017418408507517418
0.0025,0.005,0.005,4,6573,263,6836,18753,48,0.18250950570342206,1.8559305650000084,0.03847279110590989
0.0125,0.0125,0.0075,3,6302,14087,20389,20000,1084,0.07695037978277845,4.763876381000003,0.6909117661484133
0.0025,0.0025,0.0125,4,10923,19,10942,18707,5,0.2631578947368421,2.306733527000006,0.001736428440870042
0.0025,0.005,0.0075,4,6774,285,7059,18628,55,0.19298245614035087,1.9074593090000036,0.04037399065023375
0.0025,0.005,0.01,4,6803,239,7042,18708,28,0.11715481171548117,2.089641439999994,0.033939221811985235
0.0025,0.0075,0.0025,4,4101,831,4932,18747,257,0.309265944645006,1.7165399650000097,0.16849148418491483
0.0025,0.005,0.0125,4,6658,212,6870,18676,19,0.08962264150943396,2.280413862000003,0.030858806404657935
0.0025,0.0075,0.005,4,4677,693,5370,18724,129,0.18614718614718614,1.8499496929999992,0.12905027932960894
0.0125,0.0125,0.01,3,6223,14218,20441,20000,742,0.052187368124912085,5.0268673349999915,0.6955628393914192
0.0025,0.0075,0.0075,4,4663,677,5340,18737,99,0.14623338257016247,2.0095640569999915,0.12677902621722847
0.0025,0.01,0.0025,4,3144,1180,4324,18703,326,0.27627118644067794,1.8010871120000047,0.272895467160037
0.0025,0.01,0.005,4,3519,996,4515,18746,200,0.20080321285140562,1.9177131309999993,0.22059800664451829
0.0025,0.0075,0.01,4,4544,594,5138,18702,79,0.132996632996633,2.1335267709999926,0.11560918645387311
0.0125,0.0125,0.0125,3,6253,14194,20447,20000,608,0.042835000704523035,5.311124754000005,0.6941849660096836
0.0025,0.01,0.0075,4,3359,982,4341,18736,166,0.1690427698574338,2.024716036000001,0.22621515779774246
0.0025,0.0075,0.0125,4,4414,558,4972,18689,77,0.13799283154121864,2.306883389999996,0.11222847948511665
0.0025,0.01,0.01,4,3180,876,4056,18767,125,0.14269406392694065,2.1699712349999913,0.21597633136094674
0.0025,0.01,0.0125,4,3084,921,4005,18717,139,0.15092290988056462,2.2520450899999958,0.2299625468164794
0.0025,0.0125,0.005,4,2860,1238,4098,18693,240,0.1938610662358643,1.9474647019999907,0.3020985846754514
0.0025,0.0125,0.0025,4,2479,1241,3720,18713,331,0.26672038678485094,1.995610869999993,0.3336021505376344
0.0025,0.0125,0.0075,4,2561,1216,3777,18748,202,0.16611842105263158,1.9924007259999996,0.321948636483982
0.005,0.0025,0.0025,4,12789,317,13106,19929,110,0.3470031545741325,1.6944625819999999,0.024187395086220052
0.0025,0.0125,0.01,4,2374,1180,3554,18688,169,0.14322033898305084,2.157460719999989,0.33202025886325265
0.0025,0.0125,0.0125,4,2304,1261,3565,18754,188,0.14908802537668517,2.2435632730000066,0.35371669004207573
0.005,0.0025,0.005,4,13510,151,13661,19903,27,0.17880794701986755,1.9603794439999973,0.011053363589781129
0.005,0.0025,0.0075,4,13757,128,13885,19905,15,0.1171875,2.2572712799999977,0.009218581202736767
0.005,0.005,0.0025,4,8787,2019,10806,19914,602,0.2981674096087172,2.0470576040000026,0.18684064408661855
0.005,0.0025,0.01,4,13834,116,13950,19916,18,0.15517241379310345,2.510561368000012,0.008315412186379928
0.005,0.005,0.005,4,9728,1465,11193,19915,267,0.18225255972696247,2.260516428999992,0.1308853747878138
0.005,0.005,0.0075,4,9921,1283,11204,19918,153,0.11925175370226032,2.5274575229999954,0.11451267404498393
0.005,0.0025,0.0125,4,13998,105,14103,19905,2,0.01904761904761905,2.8174893209999965,0.007445224420336099
0.005,0.005,0.01,4,9992,1138,11130,19914,92,0.08084358523725835,2.7801435129999987,0.10224618149146451
0.005,0.0075,0.0025,4,6496,3992,10488,19917,1090,0.27304609218436876,2.4462922490000096,0.38062547673531655
0.005,0.0075,0.005,4,7193,3298,10491,19922,580,0.17586416009702852,2.5393380630000024,0.3143646935468497
0.005,0.0075,0.0075,4,7379,3070,10449,19925,378,0.12312703583061889,2.771406472999999,0.29380801990621114
0.005,0.005,0.0125,4,9863,1072,10935,19920,82,0.07649253731343283,2.9820180789999995,0.09803383630544124
0.005,0.01,0.0025,4,5006,5317,10323,19901,1313,0.2469437652811736,2.6708741710000083,0.5150634505473215
0.005,0.0075,0.01,4,7284,2886,10170,19903,303,0.104989604989605,3.081754945,0.2837758112094395
0.005,0.0075,0.0125,4,7215,2894,10109,19926,250,0.08638562543192813,3.204804417999995,0.2862795528736769
0.005,0.01,0.005,4,5480,4886,10366,19901,746,0.15268112975849366,2.7996319119999953,0.47134863978390895
0.005,0.01,0.0075,4,5599,4817,10416,19909,581,0.12061449034668881,2.9847847939999923,0.4624615975422427
0.0075,0.0025,0.0025,4,14268,604,14872,19990,219,0.36258278145695366,1.8175039770000012,0.04061323292092523
0.005,0.01,0.01,4,5363,4738,10101,19903,533,0.1124947235120304,3.173713716000009,0.46906246906246907
0.005,0.0125,0.0025,4,4027,6012,10039,19920,1265,0.21041250831669994,2.7997948080000015,0.598864428727961
0.0075,0.0025,0.005,4,14991,391,15382,19994,76,0.19437340153452684,2.112296846999996,0.025419321284618386
0.005,0.0125,0.005,4,4406,5920,10326,19910,974,0.16452702702702704,2.9427356789999948,0.5733100910323455
0.005,0.01,0.0125,4,5331,4620,9951,19907,487,0.10541125541125541,3.380394468999995,0.46427494724148327
0.005,0.0125,0.0075,4,4311,5933,10244,19901,702,0.11832125400303388,3.0942836229999955,0.5791682936352988
0.0075,0.0025,0.0075,4,15316,252,15568,19993,37,0.14682539682539683,2.3933258480000035,0.01618705035971223
0.005,0.0125,0.01,4,4132,5888,10020,19917,662,0.11243206521739131,3.266832378999993,0.587624750499002
0.0075,0.0025,0.01,4,15378,210,15588,19995,14,0.06666666666666667,2.767346598000003,0.013471901462663588
0.005,0.0125,0.0125,4,3869,5735,9604,19924,600,0.1046207497820401,3.316290330000001,0.5971470220741357
0.0075,0.005,0.0025,4,10316,3687,14003,19993,1198,0.3249254136154055,2.442487901000007,0.2633007212740127
0.0075,0.005,0.005,4,11342,2740,14082,19996,575,0.20985401459854014,2.626368792000008,0.1945746342849027
0.0075,0.0025,0.0125,4,15410,193,15603,19993,15,0.07772020725388601,3.1080917909999926,0.012369416137922194
0.0075,0.005,0.0075,4,11601,2348,13949,19996,278,0.11839863713798977,2.914461325000005,0.16832747867230627
0.0075,0.005,0.01,4,11756,2153,13909,19994,171,0.07942405945192754,3.246022534000005,0.15479186138471493
0.0075,0.0075,0.0025,4,7727,6896,14623,19993,1845,0.267546403712297,2.9805434710000043,0.47158585789509677
0.0075,0.0075,0.005,4,8689,5968,14657,19991,1043,0.17476541554959785,3.051288236000005,0.40717745786995974
0.0075,0.005,0.0125,4,11838,2041,13879,19997,149,0.07300342969132778,3.526146555000011,0.14705670437351395
0.0075,0.0075,0.0075,4,8734,5523,14257,19994,618,0.11189570885388377,3.3291813749999903,0.38738865118888965
0.0075,0.0075,0.01,4,8975,5242,14217,19993,431,0.08222052651659671,3.585882142999992,0.3687135119926848
0.0075,0.01,0.0025,4,5878,9264,15142,19998,2014,0.21740069084628671,3.3249331580000074,0.6118082155593713
0.0075,0.0075,0.0125,4,8937,5076,14013,19993,341,0.06717888100866824,3.781638442000002,0.3622350674373796
0.0075,0.01,0.005,4,6773,8543,15316,19993,1270,0.14865972140934097,3.465238375999988,0.557782710890572
0.0075,0.01,0.0075,4,6758,8273,15031,19996,864,0.10443611749063218,3.6945577729999854,0.5503958485796021
0.01,0.0025,0.0025,4,15204,807,16011,20000,338,0.4188351920693928,2.0054734949999897,0.05040284804197114
0.0075,0.0125,0.0025,4,4865,10582,15447,19993,1981,0.1872046872046872,3.635284232000018,0.6850521136790315
0.0075,0.01,0.01,4,6761,8104,14865,19993,665,0.08205824284304047,3.928525742000005,0.5451732256979482
0.01,0.0025,0.005,4,15803,472,16275,19999,110,0.2330508474576271,2.221821380999998,0.029001536098310292
0.0075,0.01,0.0125,4,6612,8122,14734,19992,578,0.07116473774932283,4.1155854910000045,0.5512420252477264
0.0075,0.0125,0.005,4,5356,10169,15525,19989,1257,0.12361097453043564,3.7257435209999983,0.6550080515297907
0.0075,0.0125,0.0075,4,5237,10147,15384,19996,940,0.09263821819256923,3.923168151999988,0.6595813832553302
0.01,0.0025,0.0075,4,15975,376,16351,20000,52,0.13829787234042554,2.6080415389999985,0.022995535441257417
0.0075,0.0125,0.01,4,5105,10195,15300,19998,797,0.07817557626287396,4.1103860500000025,0.6663398692810457
0.01,0.0025,0.01,4,16033,284,16317,20000,19,0.06690140845070422,3.0439790989999835,0.01740516026230312
0.01,0.005,0.0025,4,11491,4574,16065,20000,1607,0.35133362483602976,2.7148808149999866,0.28471833177715533
0.0075,0.0125,0.0125,4,4970,10227,15197,19995,790,0.07724650435122714,4.344211042000012,0.672961768770152
0.01,0.005,0.005,4,12301,3605,15906,20000,693,0.19223300970873786,2.9112361920000183,0.22664403369797562
0.01,0.0025,0.0125,4,16100,262,16362,19999,15,0.05725190839694656,3.3278036549999968,0.016012712382349345
0.01,0.005,0.0075,4,12752,3165,15917,20000,417,0.13175355450236967,3.146583679999992,0.1988440032669473
0.01,0.005,0.01,4,12837,2872,15709,20000,209,0.07277158774373259,3.356665800000002,0.18282513208988477
0.01,0.0075,0.0025,4,8414,8784,17198,20000,2345,0.2669626593806922,3.2533520480000107,0.5107570647749738
0.01,0.0075,0.005,4,9660,7592,17252,20000,1291,0.17004741833508957,3.4563453260000188,0.4400649200092743
0.01,0.005,0.0125,4,12901,2771,15672,19999,203,0.07325875135330205,3.813600988000019,0.17681214905564063
0.01,0.0075,0.0075,4,9834,7302,17136,19999,799,0.10942207614352233,3.545086432000005,0.4261204481792717
0.01,0.0075,0.01,4,9956,6840,16796,19999,568,0.08304093567251462,3.8697968810000134,0.4072398190045249
0.01,0.01,0.0025,4,6565,11468,18033,20000,2403,0.20953958841995116,3.576152454999999,0.6359452115565907
0.01,0.0075,0.0125,4,9855,6853,16708,20000,424,0.061870713556106814,4.190805286,0.41016279626526214
0.01,0.01,0.005,4,7465,10771,18236,20000,1503,0.13954136106211124,3.820186847000002,0.5906448782627769
0.01,0.01,0.0075,4,7694,10486,18180,20000,1003,0.09565134465000953,4.102151028999998,0.5767876787678767
0.0125,0.0025,0.0025,4,15659,943,16602,20000,374,0.39660657476139977,2.0841870620000122,0.05680038549572341
0.01,0.01,0.01,4,7599,10398,17997,20000,743,0.0714560492402385,4.3090079309999965,0.5777629604934156
0.0125,0.0025,0.005,4,16277,518,16795,20000,117,0.22586872586872586,2.3195326539999996,0.03084251265257517
0.01,0.0125,0.0025,4,5220,13117,18337,20000,2286,0.17427765495158953,4.200000837000005,0.7153296613404592
0.01,0.01,0.0125,4,7582,10231,17813,19999,591,0.057765614309451666,4.525679599,0.5743558075562791
0.01,0.0125,0.005,4,6017,12754,18771,20000,1462,0.11463070409283362,4.215103470999992,0.6794523467050237
0.0125,0.0025,0.0075,4,16433,405,16838,20000,56,0.1382716049382716,2.694526964000005,0.02405273785485212
0.01,0.0125,0.0075,4,5971,12844,18815,20000,1039,0.08089380255372158,4.439818536000018,0.6826468243422801
0.0125,0.0025,0.01,4,16581,378,16959,20000,31,0.082010582010582,3.039773378999996,0.022289050061914027
0.01,0.0125,0.01,4,5790,12828,18618,19998,808,0.06298721546616776,4.60104333999999,0.6890106348694811
0.0125,0.005,0.0025,4,11931,5326,17257,20000,1943,0.3648141194141945,2.901982956000012,0.30862838268528714
0.0125,0.005,0.005,4,13199,4036,17235,20000,803,0.1989593657086224,2.9093203519999804,0.23417464461850884
0.0125,0.0025,0.0125,4,16658,315,16973,20000,14,0.044444444444444446,3.3804451710000194,0.01855888764508337
0.01,0.0125,0.0125,4,5667,12917,18584,19999,744,0.05759851358674615,4.761046278000009,0.6950602668962549
0.0125,0.005,0.0075,4,13464,3576,17040,20000,430,0.12024608501118568,3.1642530569999963,0.20985915492957746
0.0125,0.005,0.01,4,13578,3500,17078,20000,320,0.09142857142857143,3.2823166100000094,0.20494203068274974
0.0125,0.005,0.0125,4,13609,3218,16827,20000,192,0.05966438781852082,3.579198171999991,0.1912402686159149
0.0125,0.0075,0.0025,4,9037,9770,18807,20000,2768,0.2833162743091095,3.1385327079999854,0.5194874248949859
0.0125,0.0075,0.005,4,10310,8592,18902,20000,1527,0.17772346368715083,3.275885943999981,0.4545550735371918
0.0125,0.0075,0.0075,4,10680,8024,18704,20000,849,0.10580757726819541,3.5892046480000204,0.42899914456800686
0.0125,0.0075,0.01,4,10756,7761,18517,20000,567,0.073057595670661,3.786884721000007,0.41912836852621915
0.0125,0.01,0.0025,4,6959,12543,19502,20000,2745,0.2188471657498206,3.715114744999994,0.6431648036098861
0.0025,0.0025,0.0025,5,9700,53,9753,18645,17,0.32075471698113206,1.2285636059999945,0.005434225366553881
0.0125,0.01,0.005,4,7847,12015,19862,20000,1641,0.1365792759051186,3.8486519919999864,0.6049239754304703
0.0125,0.0075,0.0125,4,10668,7874,18542,20000,462,0.058674117348234696,4.1083235290000175,0.4246575342465753
0.0025,0.0025,0.005,5,10540,41,10581,18706,5,0.12195121951219512,1.500838951999981,0.0038748700500897838
0.0025,0.0025,0.0075,5,10801,37,10838,18725,3,0.08108108108108109,1.7473743010000078,0.0034139140062742204
0.0025,0.0025,0.01,5,10836,25,10861,18749,3,0.12,1.9316581109999902,0.0023018138292974864
0.0025,0.005,0.0025,5,5889,448,6337,18694,137,0.30580357142857145,1.5339513330000045,0.0706959128925359
0.0025,0.005,0.005,5,6578,309,6887,18764,69,0.22330097087378642,1.648354850000004,0.044867140990271524
0.0125,0.01,0.0075,4,8149,11845,19994,20000,1121,0.09463908822287885,4.213535819999976,0.5924277283184956
0.0025,0.005,0.0075,5,6657,260,6917,18676,38,0.14615384615384616,1.8139940909999837,0.03758854994940003
0.0025,0.0025,0.0125,5,10915,19,10934,18720,0,0.0,2.224233580999993,0.0017376989207975124
0.0125,0.0125,0.0025,4,5638,14357,19995,20000,2423,0.16876784843630285,4.333215201999991,0.7180295073768442
0.0025,0.005,0.01,5,6805,217,7022,18723,20,0.09216589861751152,1.9951958380000008,0.030902876673312447
0.0125,0.01,0.01,4,7992,11737,19729,20000,750,0.06390048564369089,4.517805380999988,0.5949110446550763
0.0025,0.0075,0.0025,5,4094,863,4957,18645,249,0.2885283893395133,1.6731943349999767,0.17409723623159168
0.0125,0.0125,0.005,4,6349,14144,20493,20000,1652,0.11679864253393665,4.489201640999994,0.6901868930854438
0.0025,0.005,0.0125,5,6756,221,6977,18683,31,0.14027149321266968,2.120085764999999,0.031675505231474846
0.0125,0.01,0.0125,4,8083,11656,19739,20000,593,0.050875085792724775,4.793053127000007,0.5905061046658898
0.0125,0.0125,0.0075,4,6485,14061,20546,20000,993,0.07062086622573074,4.653516417999981,0.6843667867224764
0.0125,0.0125,0.01,4,6365,14174,20539,20000,759,0.053548751234655,4.901258401000007,0.6901017576318224
0.0025,0.0075,0.005,5,4578,688,5266,18692,137,0.19912790697674418,1.8023316519999923,0.13064944929737943
0.0025,0.0075,0.0075,5,4625,634,5259,18699,104,0.1640378548895899,1.9339469600000143,0.12055523863852444
0.0125,0.0125,0.0125,4,6158,14302,20460,20000,639,0.044679065864914,5.11913775299999,0.6990224828934506
0.0025,0.0075,0.01,5,4576,557,5133,18764,69,0.12387791741472172,2.049569649999995,0.10851353984024936
0.0025,0.01,0.0025,5,3175,1132,4307,18760,299,0.26413427561837455,1.6777151240000023,0.2628279544926863
0.0025,0.01,0.005,5,3535,979,4514,18750,199,0.20326864147088866,1.837758660999981,0.216880815241471
0.0025,0.0075,0.0125,5,4456,577,5033,18721,59,0.1022530329289428,2.1419466079999836,0.11464335386449434
0.0025,0.01,0.0075,5,3305,965,4270,18700,172,0.17823834196891192,1.9653236680000248,0.2259953161592506
0.0025,0.0125,0.0025,5,2518,1265,3783,18741,343,0.2711462450592885,1.8421097789999976,0.33439069521543746
0.0025,0.01,0.01,5,3228,972,4200,18752,129,0.13271604938271606,2.0102941920000035,0.23142857142857143
0.0025,0.0125,0.005,5,2711,1242,3953,18690,248,0.1996779388083736,1.9193760729999951,0.31419175309891223
0.0025,0.0125,0.0075,5,2531,1228,3759,18655,209,0.17019543973941367,2.028480528999978,0.326682628358606
0.0025,0.01,0.0125,5,3183,881,4064,18667,126,0.14301929625425652,2.2013872220000223,0.21678149606299213
0.005,0.0025,0.0025,5,12778,298,13076,19914,88,0.2953020134228188,1.6769907700000033,0.02278984398898746
0.0025,0.0125,0.01,5,2449,1227,3676,18709,178,0.14506927465362673,2.1453115230000037,0.3337867247007617
0.0025,0.0125,0.0125,5,2231,1293,3524,18666,194,0.1500386697602475,2.2277079010000023,0.36691259931895576
0.005,0.0025,0.005,5,13599,198,13797,19895,38,0.1919191919191919,1.954364632000022,0.014350945857795172
0.005,0.0025,0.0075,5,13788,123,13911,19902,11,0.08943089430894309,2.297506993000013,0.008841923657537202
0.005,0.005,0.0025,5,8697,2061,10758,19909,642,0.31149927219796214,2.1482050460000153,0.19157836029001674
0.005,0.0025,0.01,5,13882,116,13998,19898,8,0.06896551724137931,2.545847092999992,0.008286898128304044
0.005,0.005,0.005,5,9720,1527,11247,19907,317,0.20759659462999344,2.355959229000007,0.13576953854361162
0.005,0.0025,0.0125,5,13960,110,14070,19913,7,0.06363636363636363,2.8758425609999847,0.007818052594171997
0.005,0.005,0.0075,5,9943,1326,11269,19942,188,0.14177978883861236,2.5702306660000147,0.11766793859259916
0.005,0.0075,0.0025,5,6538,3970,10508,19908,1071,0.2697732997481108,2.4692569060000267,0.3778073848496384
0.005,0.0075,0.005,5,7329,3355,10684,19914,650,0.19374068554396423,2.612325602999988,0.31402096593036316
0.005,0.005,0.01,5,9917,1163,11080,19915,121,0.10404127257093723,2.821022035000027,0.10496389891696752
0.005,0.0075,0.0075,5,7271,3055,10326,19920,372,0.12176759410801964,2.775579179999994,0.29585512299050937
0.005,0.005,0.0125,5,9976,1131,11107,19912,88,0.07780725022104333,3.13146011500001,0.10182767624020887
0.005,0.01,0.0025,5,4945,5302,10247,19923,1275,0.24047529234251225,2.745154931000002,0.5174197326046648
0.005,0.0075,0.01,5,7228,2895,10123,19913,306,0.10569948186528498,3.0483938259999945,0.28598241627975896
0.005,0.01,0.005,5,5513,4940,10453,19917,850,0.1720647773279352,2.879759562000004,0.47259160049746485
0.005,0.0075,0.0125,5,7072,2842,9914,19904,241,0.08479943701618578,3.309783572000015,0.2866653217671979
0.005,0.01,0.0075,5,5521,4741,10262,19921,560,0.1181185403923223,3.0469774579999864,0.46199571233677644
0.0075,0.0025,0.0025,5,14500,585,15085,19994,206,0.35213675213675216,1.820515228000005,0.038780245276765
0.005,0.0125,0.0025,5,4057,6034,10091,19917,1302,0.21577726218097448,2.855890807999998,0.5979585769497572
0.005,0.01,0.01,5,5363,4655,10018,19926,493,0.10590762620837808,3.254032663000004,0.46466360551008185
0.0075,0.0025,0.005,5,14951,365,15316,19996,73,0.2,2.1500363190000087,0.02383128754243928
0.005,0.0125,0.005,5,4327,5940,10267,19918,947,0.15942760942760942,2.9705029019999927,0.5785526443946625
0.005,0.01,0.0125,5,5284,4477,9761,19918,477,0.10654456109001563,3.363628709000011,0.4586620223337773
0.005,0.0125,0.0075,5,4321,5848,10169,19918,686,0.11730506155950753,3.1120483389999833,0.5750811289212312
0.0075,0.0025,0.0075,5,15211,247,15458,19997,25,0.10121457489878542,2.3954288600000098,0.015978781213611074
0.005,0.0125,0.01,5,4016,5815,9831,19931,655,0.11263972484952708,3.244103439000014,0.5914962872546028
0.0075,0.005,0.0025,5,10345,3567,13912,19996,1167,0.32716568544995794,2.443144977000003,0.25639735480161013
0.0075,0.0025,0.01,5,15325,208,15533,19996,16,0.07692307692307693,2.6956119909999927,0.01339084529710938
0.005,0.0125,0.0125,5,4005,5887,9892,19912,634,0.1076949210124002,3.4081809470000053,0.5951273756570966
0.0075,0.005,0.005,5,11347,2786,14133,19991,558,0.20028715003589376,2.655431861000011,0.1971272907379891
0.0075,0.0025,0.0125,5,15498,197,15695,19995,11,0.05583756345177665,3.0879942469999833,0.012551768079006053
0.0075,0.005,0.0075,5,11578,2399,13977,19998,292,0.12171738224260108,2.8461751950000007,0.17163912141375115
0.0075,0.005,0.01,5,11655,2245,13900,19992,165,0.07349665924276169,3.1965075770000055,0.16151079136690646
0.0075,0.0075,0.0025,5,7742,6984,14726,19996,1884,0.2697594501718213,2.7922260840000206,0.47426320793154964
0.0075,0.0075,0.005,5,8636,5949,14585,19996,1052,0.1768364430996806,3.0375942029999976,0.4078848131642098
0.0075,0.005,0.0125,5,11795,2090,13885,19998,114,0.05454545454545454,3.403158364999996,0.15052214620093626
0.0075,0.0075,0.0075,5,8765,5586,14351,19992,659,0.11797350519155031,3.27943029299999,0.3892411678628667
0.0075,0.0075,0.01,5,8925,5227,14152,19998,435,0.08322173330782476,3.416670191999998,0.3693470887507066
0.0075,0.01,0.0025,5,5916,9254,15170,19990,2066,0.22325480873135942,3.244613020999992,0.6100197758734344
0.0075,0.01,0.005,5,6858,8442,15300,19995,1240,0.1468846244965648,3.336671881000001,0.5517647058823529
0.0075,0.0075,0.0125,5,8832,5252,14084,19995,359,0.06835491241431836,3.8031561890000205,0.3729054245952854
0.0075,0.01,0.0075,5,6875,8134,15009,19996,876,0.10769609048438653,3.445515032000003,0.5419415017656073
0.01,0.0025,0.0025,5,15075,798,15873,20000,332,0.41604010025062654,1.9216640530000006,0.050274050274050276
0.0075,0.0125,0.0025,5,4928,10511,15439,19994,1860,0.17695747312339455,3.499201430999989,0.6808083425092298
0.0075,0.01,0.01,5,6727,8163,14890,19994,644,0.07889256400833027,3.84771094300001,0.5482202820685024
0.0075,0.0125,0.005,5,5420,10045,15465,19995,1352,0.1345943255350921,3.586315180000014,0.6495311994827029
0.0075,0.01,0.0125,5,6543,8096,14639,19990,619,0.07645750988142293,4.04731505700002,0.553043240658515
0.01,0.0025,0.005,5,15744,466,16210,19999,78,0.16738197424892703,2.267371491000006,0.028747686613201727
0.0075,0.0125,0.0075,5,5234,10213,15447,19996,981,0.09605404876138256,3.821359073999986,0.6611639800608532
0.01,0.0025,0.0075,5,16102,384,16486,19999,47,0.12239583333333333,2.6030377600000065,0.02329249059808322
0.0075,0.0125,0.01,5,5147,10095,15242,19993,812,0.08043585933630511,4.0678600860000245,0.6623146568691772
0.01,0.0025,0.01,5,16105,301,16406,20000,24,0.07973421926910298,2.8953726580000136,0.01834694623918079
0.01,0.005,0.0025,5,11309,4703,16012,20000,1592,0.3385073357431427,2.6026549649999993,0.2937172120909318
0.0075,0.0125,0.0125,5,5001,10159,15160,19997,737,0.07254651048331529,4.29652150199999,0.6701187335092348
0.01,0.005,0.005,5,12347,3596,15943,20000,684,0.19021134593993325,2.8734918669999843,0.22555353446653703
0.01,0.0025,0.0125,5,16198,296,16494,20000,16,0.05405405405405406,3.2802308539999956,0.01794591972838608
0.01,0.005,0.0075,5,12689,3210,15899,19999,377,0.11744548286604362,3.164783445999973,0.20189949053399586
0.01,0.005,0.01,5,12756,2955,15711,19999,244,0.08257191201353638,3.4139796190000027,0.18808478136337597
0.01,0.0075,0.0025,5,8476,8896,17372,20000,2499,0.2809127697841727,3.2806584350000207,0.51208841814414
0.01,0.0075,0.005,5,9600,7665,17265,20000,1353,0.17651663405088064,3.3320613669999943,0.4439617723718506
0.01,0.005,0.0125,5,12961,2738,15699,20000,171,0.062454346238130024,3.7988330459999986,0.17440601312185489
0.01,0.0075,0.0075,5,9820,7139,16959,20000,749,0.1049166549936966,3.6743470689999924,0.42095642431747154
0.01,0.0075,0.01,5,9730,6902,16632,19998,526,0.0762097942625326,3.996671394999993,0.414983164983165
0.01,0.01,0.0025,5,6536,11467,18003,20000,2430,0.21191244440568588,3.7588222089999874,0.6369493973226684
0.01,0.0075,0.0125,5,9994,6843,16837,20000,426,0.06225339763261727,4.307936323000007,0.40642632297915304
0.01,0.01,0.005,5,7618,10783,18401,20000,1509,0.13994250208661782,3.943428974999989,0.5860007608282158
0.0125,0.0025,0.0025,5,15668,897,16565,20000,364,0.4057971014492754,2.0580241539999804,0.054150316933293086
0.01,0.01,0.0075,5,7689,10403,18092,20000,961,0.09237719888493703,4.189879947999998,0.5750055273048862
0.0125,0.0025,0.005,5,16160,592,16752,20000,134,0.22635135135135134,2.3820517550000204,0.03533906399235912
0.01,0.01,0.01,5,7606,10442,18048,20000,715,0.0684734725148439,4.530704121000014,0.5785682624113475
0.01,0.0125,0.0025,5,5252,13194,18446,20000,2241,0.169849931787176,4.195145815000018,0.7152770248292313
0.0125,0.0025,0.0075,5,16398,421,16819,20000,47,0.11163895486935867,2.6940495890000022,0.025031214697663357
0.01,0.01,0.0125,5,7443,10284,17727,20000,558,0.05425904317386231,4.636991904000013,0.5801320020308005
0.01,0.0125,0.005,5,5928,12738,18666,20000,1499,0.11767938451876275,4.277166710999978,0.6824172291867566
0.01,0.0125,0.0075,5,6046,12723,18769,20000,1072,0.08425685765935707,4.497049672999992,0.6778730886035484
0.0125,0.0025,0.01,5,16555,357,16912,20000,32,0.0896358543417367,3.089665430999986,0.021109271523178808
0.01,0.0125,0.01,5,5839,12718,18557,20000,803,0.0631388583110552,4.75467904300001,0.6853478471735733
0.0125,0.005,0.0025,5,12160,5247,17407,20000,1927,0.36725748046502765,2.802024665999994,0.3014304590107428
0.01,0.0125,0.0125,5,5614,12897,18511,20000,730,0.05660231061487168,4.817939160000009,0.6967208686726811
0.0125,0.005,0.005,5,13050,4131,17181,20000,826,0.19995158557250062,3.118617422,0.24044002095337874
0.0125,0.0025,0.0125,5,16624,334,16958,20000,18,0.05389221556886228,3.5731875210000226,0.019695718834768252
0.0125,0.005,0.0075,5,13407,3648,17055,20000,443,0.12143640350877193,3.3849985870000125,0.213896218117854
0.0125,0.005,0.01,5,13507,3441,16948,19999,269,0.07817494914269107,3.605153354999999,0.2030328062308237
0.0125,0.005,0.0125,5,13654,3190,16844,20000,199,0.06238244514106583,3.9517835789999936,0.1893849441937782
0.0125,0.0075,0.0025,5,8975,9792,18767,20000,2831,0.2891135620915033,3.4956742239999983,0.5217669313156071
0.0125,0.0075,0.005,5,10383,8536,18919,20000,1476,0.17291471415182755,3.681231877000016,0.45118663777155243
0.0125,0.0075,0.0075,5,10566,8078,18644,20000,874,0.10819509779648427,3.9482280759999924,0.43327612100407636
0.0125,0.01,0.0025,5,6846,12687,19533,20000,2905,0.22897454086860566,4.020931966999996,0.64951620334818
0.0125,0.0075,0.01,5,10722,7891,18613,20000,590,0.07476872386262831,4.2625314550000155,0.42395100198785796
0.0025,0.0025,0.0025,6,9736,69,9805,18730,22,0.3188405797101449,1.3510438220000083,0.007037225905150433
0.0125,0.01,0.005,5,7996,11916,19912,20000,1688,0.14165827458878819,4.187939545000006,0.5984331056649257
0.0125,0.0075,0.0125,5,10728,7670,18398,20000,397,0.05176010430247718,4.515357108000018,0.41689314055875637
0.0025,0.0025,0.005,6,10393,28,10421,18737,4,0.14285714285714285,1.5639426420000007,0.002686882256981096
0.0125,0.01,0.0075,5,8188,11740,19928,20000,1045,0.08901192504258944,4.412241847000018,0.5891208350060216
0.0025,0.0025,0.0075,6,10563,25,10588,18671,4,0.16,1.7958021199999905,0.0023611635814129203
0.0125,0.01,0.01,5,8279,11722,20001,20000,779,0.06645623613717795,4.711637449999984,0.5860706964651767
0.0025,0.0025,0.01,6,10789,27,10816,18670,3,0.1111111111111111,2.080888626999979,0.002496301775147929
0.0025,0.005,0.0025,6,5949,405,6354,18692,114,0.2814814814814815,1.583666801999982,0.06373937677053824
0.0125,0.01,0.0125,5,8119,11555,19674,20000,591,0.05114668974469926,4.923176599000016,0.5873233709464267
0.0125,0.0125,0.0025,5,5558,14329,19887,20000,2373,0.16560820713238886,4.464916622000004,0.7205209433298134
0.0025,0.005,0.005,6,6607,286,6893,18747,58,0.20279720279720279,1.799872334999975,0.04149136805454809
0.0125,0.0125,0.005,5,6380,14044,20424,20000,1608,0.11449729421817147,4.72304766900001,0.6876224050137094
0.0025,0.005,0.0075,6,6679,270,6949,18685,34,0.1259259259259259,1.9815150009999911,0.03885451144049504
0.0025,0.0025,0.0125,6,10736,25,10761,18719,3,0.12,2.3741292939999994,0.0023232041631818605
0.0125,0.0125,0.0075,5,6352,14201,20553,20000,1022,0.07196676290402085,4.88858429199999,0.6909453607745828
0.0025,0.005,0.01,6,6798,223,7021,18776,31,0.13901345291479822,2.157950368999991,0.03176185728528699
0.0025,0.005,0.0125,6,6697,204,6901,18662,18,0.08823529411764706,2.3005857360000164,0.029560933198087235
0.0025,0.0075,0.0025,6,4212,860,5072,18638,239,0.2779069767441861,1.8319195169999887,0.1695583596214511
0.0125,0.0125,0.01,5,6186,14274,20460,20000,742,0.05198262575311756,5.1961032889999785,0.6976539589442815
0.0025,0.0075,0.005,6,4555,722,5277,18740,150,0.2077562326869806,1.9423848840000062,0.13682016297138525
0.0025,0.0075,0.0075,6,4614,644,5258,18659,101,0.15683229813664595,2.0769435440000166,0.12248003042982122
0.0125,0.0125,0.0125,5,6356,14352,20708,20000,648,0.0451505016722408,5.395828645999984,0.6930654819393471
0.0025,0.01,0.0025,6,3172,1104,4276,18699,305,0.276268115942029,1.9408189850000213,0.25818521983161835
0.0025,0.01,0.005,6,3471,1078,4549,18778,204,0.18923933209647495,1.9970283389999963,0.23697515937568697
0.0025,0.0075,0.0125,6,4447,574,5021,18645,64,0.11149825783972125,2.384780728999999,0.11431985660227047
0.0025,0.0075,0.01,6,4458,584,5042,18698,66,0.11301369863013698,2.4154060500000014,0.11582705275684252
0.0025,0.01,0.0075,6,3308,991,4299,18678,154,0.15539858728557013,2.1382276310000066,0.23051872528495
0.0025,0.0125,0.0025,6,2537,1253,3790,18698,308,0.24581005586592178,1.8535203279999735,0.33060686015831137
0.0025,0.01,0.01,6,3224,951,4175,18702,160,0.16824395373291273,2.2486017619999927,0.22778443113772456
0.0025,0.0125,0.005,6,2614,1184,3798,18730,218,0.18412162162162163,2.0001195199999984,0.31174302264349657
0.0025,0.01,0.0125,6,3052,890,3942,18773,117,0.13146067415730336,2.3427837019999913,0.22577371892440384
0.005,0.0025,0.0025,6,12785,322,13107,19911,104,0.32298136645962733,1.679121758000008,0.02456702525368124
0.0025,0.0125,0.0075,6,2510,1204,3714,18644,195,0.16196013289036545,2.231703737999993,0.32417878298330643
0.0025,0.0125,0.01,6,2426,1207,3633,18711,185,0.15327257663628832,2.1940307609999934,0.3322323148912744
0.005,0.0025,0.005,6,13635,170,13805,19922,34,0.2,1.9711735649999866,0.01231437884824339
0.0025,0.0125,0.0125,6,2259,1242,3501,18707,180,0.14492753623188406,2.311435246000002,0.35475578406169667
0.005,0.0025,0.0075,6,13810,126,13936,19912,14,0.1111111111111111,2.166883063,0.009041331802525832
0.005,0.005,0.0025,6,8890,2010,10900,19920,620,0.30845771144278605,2.005103396999999,0.18440366972477065
0.005,0.0025,0.01,6,13988,123,14111,19929,8,0.06504065040650407,2.2860571649999883,0.008716604067748565
0.005,0.005,0.005,6,9691,1555,11246,19918,316,0.2032154340836013,2.0136213819999966,0.13827138538146896
0.005,0.0025,0.0125,6,13929,99,14028,19916,8,0.08080808080808081,2.4373156949999952,0.007057313943541489
0.005,0.005,0.0075,6,9926,1338,11264,19917,178,0.13303437967115098,2.1493528000000026,0.11878551136363637
0.005,0.005,0.01,6,10076,1134,11210,19917,107,0.09435626102292768,2.2322661169999947,0.10115967885816235
0.005,0.0075,0.0025,6,6480,4059,10539,19907,1167,0.28750923872875095,1.9877389010000002,0.3851409052092229
0.005,0.0075,0.005,6,7199,3406,10605,19930,617,0.18115091015854376,1.9913089270000057,0.32116925978312116
0.005,0.005,0.0125,6,9962,1091,11053,19909,88,0.08065994500458296,2.3187710310000114,0.09870623360173708
0.0075,0.0025,0.0025,6,14298,589,14887,19993,206,0.34974533106960953,1.8190210189999902,0.03956472089742728
0.0075,0.0025,0.005,6,14958,338,15296,19996,67,0.19822485207100593,2.1226610429999937,0.022097280334728034
0.005,0.01,0.0025,6,4932,5378,10310,19925,1309,0.2433990330978059,2.691230614999995,0.5216294859359845
0.005,0.0075,0.0075,6,7266,3162,10428,19911,397,0.12555344718532574,2.7700578580000013,0.30322209436133485
0.005,0.01,0.005,6,5548,4891,10439,19922,793,0.16213453281537518,2.8368077570000025,0.46853146853146854
0.0075,0.0025,0.0075,6,15293,272,15565,19995,38,0.13970588235294118,2.4910825480000085,0.017475104400899454
0.005,0.0075,0.01,6,7250,2958,10208,19915,285,0.09634888438133875,2.9495938999999964,0.2897727272727273
0.005,0.0125,0.0025,6,3994,6026,10020,19910,1294,0.21473614337869235,2.924489356999999,0.6013972055888224
0.005,0.01,0.0075,6,5615,4721,10336,19919,523,0.11078161406481678,3.0411195069999906,0.45675309597523217
0.005,0.0125,0.005,6,4477,5851,10328,19922,866,0.1480088873696804,3.0716025799999898,0.5665182029434547
0.005,0.0075,0.0125,6,7197,2874,10071,19933,276,0.09603340292275574,3.2393935609999858,0.2853738456955615
0.005,0.01,0.01,6,5432,4633,10065,19914,485,0.10468379020073386,3.2594363150000163,0.46030799801291605
0.005,0.0125,0.0075,6,4288,5846,10134,19923,684,0.11700307902839549,3.2884323769999924,0.5768699427669233
0.005,0.01,0.0125,6,5302,4575,9877,19918,445,0.09726775956284153,3.4155483670000137,0.46319732712362055
0.005,0.0125,0.01,6,4130,5750,9880,19927,615,0.10695652173913044,3.4561589360000085,0.5819838056680162
0.005,0.0125,0.0125,6,3909,5915,9824,19908,639,0.10803043110735419,3.639698585000019,0.6020969055374593
0.0075,0.0025,0.01,6,15303,219,15522,19992,20,0.091324200913242,3.0624278889999914,0.014109006571318129
0.0075,0.005,0.0025,6,10283,3704,13987,19996,1158,0.3126349892008639,2.6261955489999877,0.2648173303782083
0.0075,0.005,0.005,6,11498,2728,14226,19989,534,0.19574780058651026,2.788068256999992,0.1917615633347392
0.0075,0.0025,0.0125,6,15261,183,15444,19995,17,0.09289617486338798,3.33117700599999,0.01184926184926185
0.0075,0.005,0.0075,6,11613,2439,14052,19996,322,0.13202132021320212,3.103876286000002,0.17356959863364646
0.0075,0.0075,0.0025,6,7883,6920,14803,19992,1862,0.26907514450867054,3.162448377000004,0.4674728095656286
0.0075,0.005,0.01,6,11699,2195,13894,19993,167,0.07608200455580866,3.3354197289999945,0.15798186267453576
0.0075,0.0075,0.005,6,8671,6102,14773,19994,1110,0.18190757128810225,3.271218200000021,0.41305083598456643
0.0075,0.005,0.0125,6,11894,2062,13956,19994,146,0.07080504364694472,3.6996440690000156,0.147750071653769
0.0075,0.0075,0.0075,6,8967,5561,14528,19995,614,0.1104117964394893,3.5633215219999954,0.38277808370044053
0.0075,0.01,0.0025,6,5969,9126,15095,19996,2096,0.2296734604426912,3.4362816940000016,0.6045710500165618
0.0075,0.0075,0.01,6,8782,5283,14065,19993,447,0.08461101646791595,3.8144479309999895,0.37561322431567723
0.0075,0.01,0.005,6,6735,8500,15235,19994,1319,0.1551764705882353,3.660031955999983,0.5579258286839515
0.0075,0.0075,0.0125,6,8920,5200,14120,19996,338,0.065,4.10722131,0.36827195467422097
0.0075,0.01,0.0075,6,6839,8394,15233,19992,883,0.10519418632356445,4.068271820999996,0.5510405041685814
0.0075,0.01,0.01,6,6705,8214,14919,19993,647,0.07876795714633553,4.127847436999986,0.5505730947114418
0.01,0.0025,0.0025,6,15108,769,15877,20000,312,0.4057217165149545,2.0855225880000035,0.048434842854443536
0.01,0.0025,0.005,6,15811,479,16290,20000,104,0.21711899791231734,2.4284820260000117,0.02940454266421117
0.0075,0.0125,0.0025,6,4945,10451,15396,19994,1912,0.18294900009568463,3.9162189799999965,0.6788126786178228
0.01,0.0025,0.0075,6,15974,379,16353,19999,51,0.1345646437994723,2.8176825930000007,0.023176175625267536
0.0075,0.0125,0.005,6,5382,10256,15638,19992,1295,0.12626755070202808,4.00648080900001,0.6558383424990408
0.0075,0.01,0.0125,6,6635,8023,14658,19994,615,0.07665461797332669,4.538054540000019,0.5473461590940101
0.01,0.005,0.0025,6,11400,4684,16084,20000,1604,0.34244235695986336,2.876545255999986,0.2912210892812733
0.0075,0.0125,0.0075,6,5283,10243,15526,19994,999,0.0975300205018061,4.240068962999999,0.6597320623470307
0.01,0.0025,0.01,6,16021,328,16349,20000,29,0.08841463414634146,3.2864351000000056,0.02006238913695027
0.01,0.005,0.005,6,12383,3563,15946,20000,701,0.19674431658714567,3.1321656229999917,0.22344161545215102
0.0075,0.0125,0.01,6,5217,10158,15375,19991,768,0.07560543414057885,4.516898958999974,0.6606829268292683
0.01,0.0025,0.0125,6,16132,282,16414,20000,12,0.0425531914893617,3.5657308400000147,0.01718045570854149
0.0075,0.0125,0.0125,6,5025,10159,15184,19995,762,0.07500738261639925,4.662920439000004,0.6690595363540569
0.01,0.005,0.0075,6,12672,3206,15878,20000,426,0.13287585776668745,3.5790167339999925,0.2019145988159718
0.01,0.005,0.01,6,12798,2812,15610,20000,229,0.0814366998577525,3.814657616000005,0.18014093529788597
0.01,0.0075,0.0025,6,8630,8652,17282,20000,2396,0.2769301895515488,3.6405385179999996,0.5006365004050457
0.01,0.005,0.0125,6,12869,2842,15711,19999,157,0.05524278676988036,4.257029184000004,0.18089236840430273
0.01,0.0075,0.005,6,9649,7619,17268,20000,1259,0.16524478277989238,3.838894761000006,0.44122075515404213
0.01,0.0075,0.0075,6,9866,7154,17020,20000,803,0.11224489795918367,4.079490294999999,0.42032902467685074
0.01,0.0075,0.01,6,10007,6947,16954,20000,547,0.07873902403915359,4.439042244999996,0.4097558098383862
0.01,0.01,0.0025,6,6463,11657,18120,20000,2526,0.21669383203225528,4.260754067999983,0.6433222958057395
0.0125,0.0025,0.0025,6,15635,936,16571,19999,396,0.4230769230769231,2.2294024729999933,0.05648421941946775
0.01,0.0075,0.0125,6,9825,6884,16709,20000,403,0.05854154561301569,4.659166317,0.41199353641749953
0.01,0.01,0.005,6,7519,10767,18286,20000,1475,0.13699266276585864,4.318017392000002,0.5888111123263698
0.01,0.01,0.0075,6,7682,10506,18188,20000,949,0.09032933561774224,4.618568341000014,0.5776336045744447
0.01,0.01,0.01,6,7660,10410,18070,20000,741,0.07118155619596542,4.795597420000007,0.576092971776425
0.0125,0.0025,0.005,6,16276,605,16881,20000,122,0.20165289256198346,2.6372260109999957,0.03583910905752029
0.01,0.0125,0.0025,6,5253,13132,18385,20000,2291,0.17445933597319524,4.605161140999996,0.7142779439760675
0.01,0.0125,0.005,6,5962,12730,18692,19999,1416,0.11123330714846819,4.69343229399999,0.6810400171196234
0.01,0.01,0.0125,6,7465,10358,17823,20000,586,0.0565746283066229,5.009702520000019,0.581159176345172
0.0125,0.0025,0.0075,6,16500,461,16961,20000,68,0.1475054229934924,2.984115535000001,0.027180001179175756
0.01,0.0125,0.0075,6,5994,12767,18761,19999,1041,0.0815383410354821,4.934297692999991,0.6805074356377592
0.01,0.0125,0.01,6,5824,12896,18720,19999,803,0.06226736972704715,5.198281245000004,0.6888888888888889
0.0125,0.0025,0.01,6,16613,367,16980,20000,31,0.08446866485013624,3.395855705999992,0.021613663133097764
0.01,0.0125,0.0125,6,5726,12793,18519,20000,732,0.05721879152661612,5.437194081999991,0.6908040390949836
0.0125,0.005,0.0025,6,12077,5211,17288,20000,1879,0.36058338130876993,3.1895118090000096,0.3014229523368811
0.0125,0.005,0.005,6,13061,4198,17259,20000,912,0.21724630776560266,3.322310370999986,0.24323541340749755
0.0125,0.0025,0.0125,6,16601,347,16948,20000,25,0.07204610951008646,3.8610116239999854,0.02047439225867359
0.0125,0.005,0.0075,6,13476,3559,17035,20000,457,0.12840685585838718,3.7865813510000237,0.20892280598767243
0.0125,0.005,0.01,6,13610,3399,17009,20000,320,0.09414533686378347,4.076315446000024,0.1998353812687401
0.0125,0.0075,0.0025,6,9073,9697,18770,20000,2787,0.28740847684850984,3.8351499689999855,0.5166222695791156
0.0125,0.0075,0.005,6,10195,8644,18839,20000,1520,0.1758445164275798,4.108602706999989,0.45883539466001383
0.0125,0.005,0.0125,6,13704,3368,17072,20000,225,0.06680522565320665,4.464464179999993,0.19728209934395502
0.0125,0.0075,0.0075,6,10458,8276,18734,20000,896,0.1082648622522958,4.3681907030000104,0.4417636383046867
0.0125,0.0075,0.01,6,10656,7800,18456,20000,569,0.07294871794871795,4.688775794999998,0.4226267880364109
0.0125,0.01,0.0025,6,6915,12584,19499,20000,2708,0.21519389701207883,4.457504011999987,0.6453664290476435
0.0125,0.0075,0.0125,6,10643,7740,18383,20000,428,0.05529715762273902,4.877963233000003,0.42104117935048685
0.0025,0.0025,0.0025,7,9780,69,9849,18676,23,0.3333333333333333,1.4829596250000066,0.007005787389582699
0.0125,0.01,0.005,6,7929,11942,19871,20000,1740,0.14570423714620667,4.517126523999991,0.6009762971164008
0.0025,0.0025,0.005,7,10452,26,10478,18731,5,0.19230769230769232,1.7310602919999951,0.0024813895781637717
0.0125,0.01,0.0075,6,8077,11851,19928,19999,1062,0.08961269091215932,4.796069189999997,0.5946908871938981
0.0025,0.0025,0.0075,7,10720,25,10745,18725,5,0.2,2.083458377999989,0.002326663564448581
0.0025,0.0025,0.01,7,10902,25,10927,18691,6,0.24,2.22707882200001,0.0022879106799670542
0.0125,0.01,0.01,6,8073,11739,19812,19999,790,0.06729704404123009,5.144477647999992,0.59251968503937
0.0025,0.005,0.0025,7,6005,421,6426,18740,140,0.332541567695962,1.7614877450000108,0.06551509492685963
0.0025,0.005,0.005,7,6479,313,6792,18680,60,0.19169329073482427,1.9046644979999883,0.04608362779740872
0.0125,0.0125,0.0025,6,5464,14455,19919,20000,2496,0.1726738152888274,5.108276386,0.7256890406144887
0.0025,0.005,0.0075,7,6783,231,7014,18744,32,0.13852813852813853,2.035440432999991,0.03293413173652695
0.0025,0.0025,0.0125,7,10920,18,10938,18717,0,0.0,2.552610895000015,0.0016456390565002743
0.0125,0.01,0.0125,6,8118,11728,19846,19999,532,0.04536152796725784,5.499252603000002,0.5909503174443212
0.0125,0.0125,0.005,6,6321,14118,20439,20000,1589,0.1125513528828446,5.080947765000019,0.6907382944371055
0.0025,0.005,0.01,7,6677,199,6876,18658,25,0.12562814070351758,2.2528700880000088,0.0289412449098313
0.0025,0.0075,0.0025,7,4193,805,4998,18663,245,0.30434782608695654,1.935910591999999,0.16106442577030813
0.0025,0.005,0.0125,7,6808,223,7031,18742,22,0.09865470852017937,2.4442359349999947,0.03171668325984924
0.0125,0.0125,0.0075,6,6463,14162,20625,20000,1005,0.07096455302923316,5.5167507920000105,0.6866424242424243
0.0025,0.0075,0.005,7,4490,722,5212,18648,140,0.19390581717451524,2.0350121909999928,0.13852647735993862
0.0125,0.0125,0.01,6,6196,14150,20346,20000,775,0.054770318021201414,5.57902657599999,0.6954683967364592
0.0025,0.0075,0.0075,7,4611,630,5241,18772,108,0.17142857142857143,2.195336991000005,0.12020606754436176
0.0025,0.01,0.0025,7,3181,1036,4217,18719,302,0.2915057915057915,1.9724688789999902,0.24567227887123547
0.0025,0.0075,0.01,7,4470,598,5068,18673,80,0.13377926421404682,2.298566542000003,0.11799526440410418
0.0125,0.0125,0.0125,6,6137,14283,20420,20000,652,0.045648673247917104,5.855581405999999,0.6994613124387855
0.0025,0.0075,0.0125,7,4498,609,5107,18736,72,0.11822660098522167,2.456802127000003,0.11924809085568827
0.0025,0.01,0.005,7,3432,1004,4436,18653,204,0.20318725099601595,2.105373407000002,0.22633002705139765
0.0025,0.01,0.0075,7,3320,975,4295,18679,159,0.16307692307692306,2.2011867040000084,0.2270081490104773
0.0025,0.0125,0.0025,7,2524,1230,3754,18768,326,0.26504065040650404,2.0196536939999987,0.3276505061267981
0.0025,0.0125,0.005,7,2682,1201,3883,18706,231,0.19233971690258117,2.1049157859999923,0.3092969353592583
0.0025,0.01,0.01,7,3208,992,4200,18663,137,0.1381048387096774,2.3904954699999905,0.2361904761904762
0.0025,0.01,0.0125,7,3015,932,3947,18731,139,0.14914163090128754,2.5004279419999875,0.23612870534583227
0.0025,0.0125,0.0075,7,2549,1241,3790,18674,189,0.1522965350523771,2.2377981470000066,0.3274406332453826
0.005,0.0025,0.0025,7,12800,328,13128,19905,100,0.3048780487804878,1.777796636000005,0.024984765386959172
0.0025,0.0125,0.01,7,2361,1156,3517,18715,158,0.13667820069204153,2.365718598000001,0.3286892237702587
0.005,0.0025,0.005,7,13577,183,13760,19915,43,0.23497267759562843,2.157097596,0.013299418604651163
0.0025,0.0125,0.0125,7,2240,1288,3528,18780,182,0.14130434782608695,2.4056803,0.36507936507936506
0.005,0.0025,0.0075,7,13881,130,14011,19914,14,0.1076923076923077,2.4600177990000134,0.00927842409535365
0.005,0.005,0.0025,7,8802,2098,10900,19917,668,0.31839847473784555,2.361939793000005,0.19247706422018349
0.005,0.0025,0.01,7,14034,104,14138,19928,10,0.09615384615384616,2.775894020999999,0.007356061677747913
0.005,0.005,0.005,7,9609,1529,11138,19930,296,0.1935905820797907,2.505156260999996,0.1372777877536362
0.005,0.005,0.0075,7,9787,1278,11065,19907,172,0.13458528951486698,2.7361166150000145,0.11549932218707637
0.005,0.0025,0.0125,7,13974,94,14068,19932,7,0.07446808510638298,3.1251548299999854,0.006681831106056298
0.005,0.0075,0.0025,7,6430,3862,10292,19933,1063,0.27524598653547383,2.7031249499999888,0.3752429071123202
0.005,0.005,0.01,7,10022,1179,11201,19931,100,0.08481764206955046,3.039394962000017,0.1052584590661548
0.005,0.0075,0.005,7,7157,3343,10500,19918,589,0.17618905174992522,3.0090784029999895,0.3183809523809524
0.005,0.005,0.0125,7,9844,1085,10929,19913,86,0.0792626728110599,3.309172426999993,0.09927715252996615
0.005,0.0075,0.0075,7,7351,3109,10460,19932,402,0.1293020263750402,3.1025761539999905,0.29722753346080305
0.005,0.0075,0.01,7,7325,2850,10175,19922,287,0.10070175438596492,3.3234887499999957,0.2800982800982801
0.005,0.01,0.0025,7,5015,5198,10213,19908,1209,0.23258945748364757,2.9343536929999914,0.5089591696856947
0.005,0.0075,0.0125,7,7082,2910,9992,19933,287,0.0986254295532646,3.5272470999999825,0.29123298638911127
0.005,0.01,0.005,7,5573,4985,10558,19925,836,0.16770310932798396,3.0579978910000136,0.4721538170107975
0.005,0.01,0.0075,7,5448,4747,10195,19911,612,0.12892353065093742,3.2328799200000162,0.46562040215792055
0.0075,0.0025,0.0025,7,14361,620,14981,19994,226,0.36451612903225805,2.0262838890000126,0.04138575529003404
0.005,0.01,0.01,7,5380,4638,10018,19909,485,0.10457093574816731,3.426098312999983,0.46296666001197845
0.005,0.0125,0.0025,7,3918,6104,10022,19910,1329,0.21772608125819135,3.022366622000021,0.6090600678507284
0.0075,0.0025,0.005,7,14997,348,15345,19996,64,0.1839080459770115,2.2480875449999758,0.02267839687194526
0.005,0.0125,0.005,7,4503,5754,10257,19931,867,0.15067778936392076,3.1921750559999964,0.5609827434922492
0.005,0.01,0.0125,7,5136,4612,9748,19902,460,0.0997398091934085,3.6747288929999797,0.4731226918342224
0.0075,0.0025,0.0075,7,15235,280,15515,19996,32,0.11428571428571428,2.6635190789999967,0.018047051240734774
0.005,0.0125,0.0075,7,4284,5888,10172,19910,712,0.12092391304347826,3.4852176300000224,0.5788438851749902
0.005,0.0125,0.01,7,4091,5884,9975,19936,628,0.10673011556764106,3.4760001900000077,0.589874686716792
0.005,0.0125,0.0125,7,3878,5860,9738,19918,677,0.11552901023890785,3.719049537000018,0.6017662764428015
0.0075,0.005,0.0025,7,10460,3624,14084,19997,1136,0.31346578366445915,2.68262799499999,0.257313263277478
0.0075,0.0025,0.01,7,15352,239,15591,19996,22,0.09205020920502092,3.116848700999981,0.015329356680135976
0.0075,0.005,0.005,7,11453,2735,14188,19992,499,0.18244972577696528,2.910230790000014,0.19276853679165493
0.0075,0.0025,0.0125,7,15306,183,15489,19994,11,0.060109289617486336,3.4126728100000037,0.011814836335463878
0.0075,0.005,0.0075,7,11681,2358,14039,19997,269,0.11407972858354538,3.0909557140000175,0.16796068096018235
0.0075,0.005,0.01,7,11730,2096,13826,19994,187,0.0892175572519084,3.4320845500000132,0.15159843772602344
0.0075,0.0075,0.0025,7,7865,6856,14721,19992,1777,0.25918903150525086,3.145997140999981,0.46572923035119895
0.0075,0.0075,0.005,7,8602,6051,14653,19996,983,0.16245248719219962,3.2837049329999957,0.41295297891216814
0.0075,0.005,0.0125,7,11768,2094,13862,19997,138,0.0659025787965616,3.8098767350000173,0.1510604530370798
0.0075,0.0075,0.0075,7,8754,5538,14292,19994,605,0.1092452148790177,3.5725299279999945,0.3874895046179681
0.0075,0.0075,0.01,7,8956,5400,14356,19993,451,0.08351851851851852,3.848662907000005,0.37614934522151017
0.0075,0.01,0.0025,7,5845,9361,15206,19995,2048,0.2187800448670014,3.5597622279999825,0.6156122583190846
0.0075,0.01,0.005,7,6848,8516,15364,19998,1274,0.1496007515265383,3.6584696089999795,0.554282738870086
0.0075,0.0075,0.0125,7,8818,5216,14034,19993,337,0.06460889570552147,4.0867439630000035,0.37166880433233573
0.0075,0.01,0.0075,7,6841,8250,15091,19993,878,0.10642424242424242,3.8772269389999963,0.5466834537141343
0.01,0.0025,0.0025,7,15169,789,15958,20000,284,0.35994930291508237,2.000716017000002,0.04944228600075198
0.0075,0.0125,0.0025,7,4744,10586,15330,19993,1941,0.1833553750236161,3.7982777560000045,0.6905414220482714
0.0075,0.01,0.01,7,6787,8123,14910,19996,682,0.08395912840083714,4.046882861,0.5448021462105969
0.01,0.0025,0.005,7,15742,450,16192,20000,95,0.2111111111111111,2.2273981570000103,0.027791501976284584
0.0075,0.0125,0.005,7,5422,10248,15670,19995,1393,0.1359289617486339,3.848286956999999,0.6539885130823229
0.0075,0.01,0.0125,7,6511,7978,14489,19999,618,0.07746302331411381,4.307355704000003,0.5506246117744495
0.0075,0.0125,0.0075,7,5240,10259,15499,19994,992,0.09669558436494785,3.9132757590000153,0.6619136718497968
0.01,0.0025,0.0075,7,15937,396,16333,20000,49,0.12373737373737374,2.372494055000004,0.024245392763117615
0.0075,0.0125,0.01,7,5105,10260,15365,19992,766,0.0746588693957115,3.9460927949999984,0.667751383013342
0.01,0.0025,0.01,7,16059,324,16383,19999,14,0.043209876543209874,2.512360192000017,0.01977659769273027
0.01,0.005,0.0025,7,11367,4700,16067,20000,1627,0.34617021276595744,2.2245954489999917,0.2925250513474824
0.0075,0.0125,0.0125,7,4999,10265,15264,19992,739,0.07199220652703361,3.9869813110000223,0.6724973794549266
0.01,0.005,0.005,7,12445,3624,16069,20000,745,0.20557395143487858,2.534940661999997,0.2255274130313025
0.01,0.0025,0.0125,7,16140,263,16403,20000,15,0.057034220532319393,2.9046877499999937,0.016033652380662074
0.01,0.005,0.0075,7,12729,3199,15928,20000,398,0.1244138793372929,3.1131379710000147,0.20084128578603716
0.01,0.0075,0.0025,7,8449,8874,17323,19997,2448,0.27586206896551724,3.349619538000013,0.5122669283611384
0.01,0.005,0.01,7,12825,3006,15831,20000,239,0.0795076513639388,3.5653498590000083,0.18988061398521888
0.01,0.0075,0.005,7,9654,7628,17282,20000,1323,0.17343995804929208,3.552980292000001,0.4413840990626085
0.01,0.005,0.0125,7,12914,2735,15649,19999,164,0.05996343692870201,3.899688951999991,0.17477155089782095
0.01,0.0075,0.0075,7,9806,7254,17060,20000,772,0.10642404190791288,3.810781939000009,0.42520515826494726
0.01,0.01,0.0025,7,6587,11568,18155,20000,2485,0.21481673582295988,3.9850470890000054,0.63717984026439
0.01,0.01,0.005,7,7421,10734,18155,20000,1547,0.14412148313769332,4.0084846309999875,0.5912420820710548
0.01,0.0075,0.01,7,10032,7059,17091,19999,514,0.07281484629550927,4.231396270000005,0.4130243988063893
0.01,0.0075,0.0125,7,10060,6769,16829,20000,420,0.06204756980351603,4.544181103999989,0.4022223542694159
0.01,0.01,0.0075,7,7528,10586,18114,20000,996,0.09408652937842434,4.35722561,0.5844098487357845
0.01,0.0125,0.0025,7,5159,13126,18285,19998,2228,0.1697394484229773,4.374351553999986,0.7178561662564944
0.01,0.01,0.01,7,7530,10396,17926,20000,682,0.06560215467487496,4.611835513000017,0.5799397523150731
0.01,0.01,0.0125,7,7509,10266,17775,20000,611,0.05951685174361972,4.807629334000012,0.5775527426160337
0.01,0.0125,0.005,7,5919,12790,18709,19999,1450,0.11336982017200939,4.58335968099999,0.6836282003313913
0.0125,0.0025,0.0025,7,15609,946,16555,20000,397,0.41966173361522197,2.1979242099999965,0.05714285714285714
0.01,0.0125,0.0075,7,5954,12737,18691,20000,1030,0.08086676611446965,4.733010650000011,0.6814509657054197
0.0125,0.0025,0.005,7,16299,541,16840,20000,125,0.23105360443622922,2.4749914740000065,0.03212589073634204
0.0125,0.0025,0.0075,7,16418,424,16842,20000,53,0.125,2.957585815000016,0.025175157344733405
0.0125,0.0025,0.01,7,16640,387,17027,20000,37,0.09560723514211886,3.297966236999997,0.0227286075057262
0.0125,0.005,0.0025,7,12022,5283,17305,20000,1915,0.362483437440848,3.068417226000008,0.3052874891649812
0.0125,0.005,0.005,7,13037,4237,17274,19998,913,0.21548265282039178,3.377265479999977,0.2452819265948825
0.0125,0.0025,0.0125,7,16506,346,16852,20000,17,0.049132947976878616,3.7077075099999774,0.02053168763351531
0.01,0.0125,0.01,7,5852,12805,18657,20000,820,0.0640374853572823,5.050022967000018,0.6863375676689715
0.0125,0.005,0.0075,7,13564,3600,17164,20000,452,0.12555555555555556,3.6185848289999853,0.20974131903985085
0.01,0.0125,0.0125,7,5725,12882,18607,19999,734,0.056978730010867874,5.355041054999987,0.6923200945880582
0.0125,0.005,0.01,7,13598,3403,17001,20000,288,0.0846312077578607,3.9671159550000255,0.20016469619434152
0.0125,0.0075,0.0025,7,9093,9826,18919,20000,2916,0.29676368817423165,3.853044544999989,0.5193720598340292
0.0125,0.0075,0.005,7,10203,8723,18926,20000,1549,0.17757652183881692,4.023046641999997,0.46090034872661945
0.0125,0.005,0.0125,7,13611,3192,16803,19999,229,0.07174185463659148,4.430453942999975,0.18996607748616318
0.0125,0.0075,0.0075,7,10508,8222,18730,20000,916,0.11140841644368767,4.330737091000003,0.43897490656700483
0.0125,0.0075,0.01,7,10700,7970,18670,20000,630,0.07904642409033877,4.591156287000018,0.4268880557043385
0.0025,0.0025,0.0025,8,9912,56,9968,18692,19,0.3392857142857143,1.4659627549999925,0.0056179775280898875
0.0125,0.01,0.0025,7,7056,12689,19745,20000,2804,0.22097880053589725,4.41443743100001,0.6426437072676627
0.0125,0.0075,0.0125,7,10752,7858,18610,20000,439,0.0558666327309748,4.932152013999996,0.42224610424502956
0.0025,0.0025,0.005,8,10385,40,10425,18728,6,0.15,1.6453996809999865,0.0038369304556354917
0.0025,0.0025,0.0075,8,10741,23,10764,18722,3,0.13043478260869565,1.8211229350000053,0.002136752136752137
0.0125,0.01,0.005,7,7993,11947,19940,20000,1605,0.1343433497949276,4.590656502000002,0.5991474423269809
0.0125,0.01,0.0075,7,8137,11799,19936,20000,1035,0.08771929824561403,4.694406844000014,0.5918439004815409
0.0025,0.0025,0.01,8,10759,23,10782,18703,1,0.043478260869565216,2.0973904099999743,0.0021331849378593954
0.0025,0.005,0.0025,8,5953,409,6362,18748,137,0.33496332518337407,1.5710207120000064,0.06428795976108143
0.0025,0.005,0.005,8,6602,308,6910,18681,62,0.2012987012987013,1.8438553189999993,0.04457308248914617
0.0125,0.01,0.01,7,8122,11649,19771,19999,760,0.06524165164391793,5.087674976000017,0.5891962976076071
0.0025,0.005,0.0075,8,6630,249,6879,18694,33,0.13253012048192772,1.970857379999984,0.03619712167466201
0.0025,0.0025,0.0125,8,10889,19,10908,18732,2,0.10526315789473684,2.5514788679999754,0.0017418408507517418
0.0125,0.0125,0.0025,7,5688,14306,19994,20000,2468,0.1725150286593038,4.885474454000018,0.7155146543963189
0.0125,0.0125,0.005,7,6301,14021,20322,20000,1589,0.11333000499251124,4.996993754000016,0.6899419348489322
0.0125,0.01,0.0125,7,8101,11703,19804,20000,623,0.05323421344954285,5.338022688000024,0.5909412239951525
0.0025,0.0075,0.0025,8,4272,871,5143,18656,265,0.30424799081515497,1.8265411440000037,0.1693564067664787
0.0025,0.005,0.01,8,6760,231,6991,18730,18,0.07792207792207792,2.250242721999996,0.033042483192676296
0.0125,0.0125,0.0075,7,6534,14079,20613,20000,1045,0.07422402159244265,5.25450601,0.6830155726968418
0.0025,0.005,0.0125,8,6696,213,6909,18704,13,0.06103286384976526,2.4592602410000097,0.030829353017802867
0.0025,0.0075,0.005,8,4671,634,5305,18712,150,0.23659305993690852,1.9144140420000042,0.11950989632422243
0.0125,0.0125,0.01,7,6220,14125,20345,20000,734,0.0519646017699115,5.540995242000008,0.69427377734087
0.0025,0.0075,0.0075,8,4583,617,5200,18686,73,0.11831442463533225,2.156022947999986,0.11865384615384615
0.0025,0.01,0.0025,8,3233,1091,4324,18730,304,0.27864344637946836,1.977996614999995,0.2523126734505088
0.0125,0.0125,0.0125,7,6268,14298,20566,20000,647,0.04525108406770178,5.733387136000005,0.6952251288534474
0.0025,0.0075,0.01,8,4459,585,5044,18697,70,0.11965811965811966,2.3998796600000105,0.11597938144329897
0.0025,0.01,0.005,8,3521,1051,4572,18692,214,0.20361560418648905,1.9880132199999991,0.22987751531058617
0.0025,0.0075,0.0125,8,4396,532,4928,18737,64,0.12030075187969924,2.4122519170000203,0.10795454545454546
0.0025,0.01,0.0075,8,3394,1036,4430,18680,160,0.15444015444015444,2.1257610020000186,0.23386004514672687
0.0025,0.01,0.01,8,3258,961,4219,18655,139,0.14464099895941726,2.235610586000007,0.2277790945721735
0.0025,0.0125,0.0025,8,2495,1283,3778,18750,330,0.2572096648480125,2.011220433999995,0.33959767072525143
0.0025,0.0125,0.005,8,2784,1286,4070,18663,252,0.19595645412130638,2.086794292999997,0.31597051597051595
0.0025,0.01,0.0125,8,3118,927,4045,18732,117,0.1262135922330097,2.4041212460000168,0.22917181705809642
0.0025,0.0125,0.0075,8,2519,1189,3708,18671,189,0.15895710681244743,2.1426000049999914,0.32065803667745413
0.005,0.0025,0.0025,8,12887,371,13258,19908,113,0.3045822102425876,1.7907049719999861,0.0279831045406547
0.0025,0.0125,0.01,8,2398,1210,3608,18772,195,0.16115702479338842,2.3114772080000137,0.3353658536585366
0.0025,0.0125,0.0125,8,2211,1259,3470,18641,222,0.17633042096902304,2.377755007000019,0.36282420749279537
0.005,0.0025,0.005,8,13597,211,13808,19901,46,0.21800947867298578,2.1113826699999834,0.015280996523754345
0.005,0.0025,0.0075,8,13812,104,13916,19910,6,0.057692307692307696,2.4602347059999943,0.0074734118999712565
0.005,0.005,0.0025,8,8854,2036,10890,19913,670,0.3290766208251473,2.300281475999981,0.1869605142332415
0.005,0.005,0.005,8,9626,1495,11121,19913,302,0.2020066889632107,2.489176842000006,0.13443035698228575
0.005,0.0025,0.01,8,14071,107,14178,19904,9,0.08411214953271028,2.780591705000006,0.00754690365354775
0.005,0.005,0.0075,8,9900,1313,11213,19923,163,0.12414318354912414,2.7729607699999974,0.11709622759297245
0.005,0.0025,0.0125,8,13842,104,13946,19921,10,0.09615384615384616,3.0984473519999938,0.007457335436684354
0.005,0.005,0.01,8,9948,1216,11164,19920,113,0.09292763157894737,2.922601419999978,0.10892153350053745
0.005,0.0075,0.0025,8,6313,4176,10489,19905,1158,0.27729885057471265,2.6481154329999868,0.39813137572695206
0.005,0.0075,0.005,8,7319,3326,10645,19911,585,0.17588695129284426,2.789867180000016,0.31244715829027714
0.005,0.005,0.0125,8,10033,1082,11115,19913,78,0.07208872458410351,3.285145777999986,0.0973459289248763
0.005,0.0075,0.0075,8,7343,3080,10423,19919,380,0.12337662337662338,3.0179403280000088,0.2955003357958361
0.005,0.0075,0.01,8,7314,2951,10265,19909,312,0.10572687224669604,3.208741238000016,0.287481734047735
0.005,0.01,0.0025,8,5044,5337,10381,19931,1356,0.2540753232152895,2.932530012000001,0.5141123205856853
0.005,0.0075,0.0125,8,7188,2925,10113,19918,273,0.09333333333333334,3.394436627999994,0.28923168199347377
0.005,0.01,0.005,8,5580,4953,10533,19921,844,0.1704017767009893,3.0262770450000005,0.47023639988607235
0.005,0.01,0.0075,8,5663,4627,10290,19927,561,0.121244867084504,3.2210489409999923,0.4496598639455782
0.0075,0.0025,0.0025,8,14314,589,14903,19993,220,0.3735144312393888,1.9374917289999871,0.03952224384352144
0.005,0.01,0.01,8,5409,4528,9937,19921,463,0.10225265017667845,3.3397630099999844,0.4556707255710979
0.005,0.0125,0.0025,8,4040,5973,10013,19914,1291,0.21613929348735977,3.0031233619999966,0.5965245181264356
0.0075,0.0025,0.005,8,14899,369,15268,19995,87,0.23577235772357724,2.212136988999987,0.024168194917474458
0.005,0.0125,0.005,8,4417,5770,10187,19918,866,0.15008665511265165,3.112326588000002,0.5664081672720134
0.005,0.01,0.0125,8,5254,4500,9754,19934,427,0.09488888888888888,3.5139328410000132,0.46134919007586633
0.005,0.0125,0.0075,8,4236,5723,9959,19922,720,0.1258081425825616,3.2810882040000138,0.5746560899688724
0.0075,0.0025,0.0075,8,15260,268,15528,19992,29,0.10820895522388059,2.639308461000013,0.017259144770736732
0.005,0.0125,0.01,8,4121,5784,9905,19910,609,0.10529045643153527,3.4097440290000236,0.5839475012619889
0.0075,0.0025,0.01,8,15396,233,15629,19995,17,0.07296137339055794,2.9703586640000026,0.014908183505022715
0.005,0.0125,0.0125,8,3856,5949,9805,19913,670,0.11262397041519583,3.604649681000012,0.6067312595614482
0.0075,0.005,0.0025,8,10478,3625,14103,19999,1150,0.31724137931034485,2.6171462700000063,0.25703750974969863
0.0075,0.005,0.005,8,11575,2746,14321,19996,583,0.2123088128186453,2.760636347000002,0.19174638642552894
0.0075,0.0025,0.0125,8,15330,197,15527,19998,15,0.07614213197969544,3.2282666110000093,0.012687576479680556
0.0075,0.005,0.0075,8,11602,2459,14061,19994,302,0.12281415209434729,3.0495832860000007,0.17488087618234835
0.0075,0.005,0.01,8,11825,2180,14005,19994,200,0.09174311926605505,3.4251738279999984,0.15565869332381294
0.0075,0.0075,0.0025,8,7791,7085,14876,19996,1884,0.26591390261115033,3.205125341000013,0.4762705028233396
0.0075,0.0075,0.005,8,8612,5953,14565,19993,1019,0.17117419788342011,3.284431097999999,0.4087195331273601
0.0075,0.005,0.0125,8,11684,2068,13752,19995,138,0.06673114119922631,3.715069896000017,0.1503781268179174
0.0075,0.0075,0.0075,8,8770,5547,14317,19989,609,0.10978907517577069,3.538746623999998,0.38744150310819303
0.0075,0.01,0.0025,8,5904,9217,15121,19993,2054,0.22284908321579688,3.3983804510000084,0.609549632960783
0.0075,0.0075,0.01,8,8784,5343,14127,19994,435,0.08141493542953397,3.7721452720000173,0.3782119345933319
0.0075,0.0075,0.0125,8,8869,5168,14037,19995,369,0.07140092879256967,4.040805105000004,0.3681698368597279
0.0075,0.01,0.005,8,6798,8595,15393,19992,1323,0.15392670157068064,3.660291653999991,0.5583706879750536
0.0075,0.01,0.0075,8,6680,8429,15109,19997,915,0.1085538023490331,3.8535718480000014,0.5578794096234033
0.0075,0.0125,0.0025,8,4893,10478,15371,19995,1980,0.1889673601832411,3.7918632739999794,0.6816732808535554
0.01,0.0025,0.0025,8,15146,775,15921,20000,283,0.36516129032258066,2.058248567000021,0.04867784686891527
0.0075,0.01,0.01,8,6865,8079,14944,19995,721,0.08924371828196559,3.964129853000003,0.5406183083511777
0.0075,0.0125,0.005,8,5369,10150,15519,19992,1282,0.12630541871921183,3.8541570909999905,0.6540369869192603
0.0075,0.01,0.0125,8,6669,8016,14685,19992,575,0.0717315369261477,4.305075098000003,0.5458631256384066
0.01,0.0025,0.005,8,15737,482,16219,20000,103,0.21369294605809128,2.3704530470000122,0.029718231703557557
0.0075,0.0125,0.0075,8,5335,10145,15480,19991,963,0.09492360768851651,4.055275715999983,0.6553617571059431
0.01,0.0025,0.0075,8,16052,346,16398,20000,37,0.1069364161849711,2.738471062000002,0.021100134162702767
0.0075,0.0125,0.01,8,5152,10140,15292,19997,795,0.07840236686390532,4.294534980000009,0.6630918127125295
0.01,0.005,0.0025,8,11431,4615,16046,20000,1538,0.333261105092091,2.708252033000008,0.28761061946902655
0.01,0.0025,0.01,8,16073,315,16388,20000,29,0.09206349206349207,3.094397310000005,0.019221381498657555
0.0075,0.0125,0.0125,8,4982,10166,15148,19996,748,0.07357859531772576,4.438138030999994,0.671111697913916
0.01,0.0025,0.0125,8,16254,272,16526,19999,23,0.08455882352941177,3.39729022100002,0.016458913227641293
0.01,0.005,0.005,8,12410,3650,16060,20000,731,0.2002739726027397,3.058051889000012,0.22727272727272727
0.01,0.005,0.0075,8,12766,3283,16049,19998,397,0.1209259823332318,3.247748698999999,0.20456103183999003
0.01,0.005,0.01,8,12923,2897,15820,19999,260,0.08974801518812564,3.5360876270000006,0.18312262958280656
0.01,0.0075,0.0025,8,8543,8720,17263,20000,2382,0.2731651376146789,3.4077994339999975,0.5051265712796154
0.01,0.0075,0.005,8,9736,7618,17354,20000,1367,0.17944342347072723,3.4995233239999948,0.4389766048173332
0.01,0.005,0.0125,8,12830,2744,15574,20000,176,0.0641399416909621,3.9401137909999875,0.17619108771028638
0.01,0.0075,0.0075,8,9735,7268,17003,20000,823,0.11323610346725371,3.7288596420000033,0.42745397870963947
0.01,0.01,0.0025,8,6586,11405,17991,20000,2421,0.2122753178430513,3.788945092000006,0.6339280751486854
0.01,0.0075,0.01,8,9950,6959,16909,19998,541,0.07774105474924559,4.068657969000014,0.4115559761073984
0.01,0.0075,0.0125,8,10002,6712,16714,20000,406,0.060488676996424316,4.363818952000003,0.4015795141797296
0.01,0.01,0.005,8,7483,10656,18139,20000,1516,0.14226726726726727,4.06787936500001,0.5874634764871272
0.01,0.01,0.0075,8,7613,10666,18279,20000,1031,0.09666229139321207,4.296967410999997,0.5835111329941463
0.0125,0.0025,0.0025,8,15633,932,16565,20000,390,0.4184549356223176,2.10741496,0.05626320555387866
0.0125,0.0025,0.005,8,16161,531,16692,20000,121,0.2278719397363465,2.485566583999997,0.03181164629762761
0.01,0.01,0.01,8,7572,10397,17969,19999,720,0.06925074540732903,4.647059382000009,0.5786076019811899
0.01,0.0125,0.0025,8,5329,13051,18380,19999,2189,0.16772661098766378,4.3226430600000185,0.7100652883569096
0.01,0.01,0.0125,8,7510,10444,17954,20000,596,0.057066258138644195,4.835413363000015,0.5817088114069289
0.01,0.0125,0.005,8,5810,12871,18681,19999,1445,0.11226788905290964,4.419840534000002,0.6889888121620898
0.0125,0.0025,0.0075,8,16479,443,16922,20000,56,0.12641083521444696,2.8578826520000007,0.026178938659732892
0.01,0.0125,0.0075,8,6049,12614,18663,20000,940,0.07452037418741081,4.704161239000001,0.6758827626855275
0.0125,0.0025,0.01,8,16603,361,16964,20000,26,0.07202216066481995,3.2450483130000123,0.02128035840603631
0.01,0.0125,0.01,8,5912,12751,18663,20000,765,0.05999529448670692,4.910691504999988,0.6832234903284574
0.0125,0.005,0.0025,8,11913,5240,17153,20000,1878,0.3583969465648855,3.058404459000002,0.3054859208301755
0.0125,0.0025,0.0125,8,16716,311,17027,20000,13,0.04180064308681672,3.681245383000004,0.018265108357314853
0.0125,0.005,0.005,8,13085,4219,17304,20000,845,0.20028442758947618,3.252452491000014,0.24381645862228388
0.01,0.0125,0.0125,8,5736,12898,18634,20000,711,0.05512482555434951,5.229596853000004,0.6921755930020392
0.0125,0.005,0.0075,8,13469,3640,17109,20000,438,0.12032967032967033,3.5444441700000198,0.21275352153837163
0.0125,0.005,0.01,8,13612,3378,16990,20000,299,0.08851391355831853,3.8073506039999927,0.19882283696291936
0.0125,0.005,0.0125,8,13618,3250,16868,20000,203,0.062461538461538464,4.311831745999996,0.1926725160066398
0.0125,0.0075,0.0025,8,8956,9878,18834,20000,2922,0.2958088681919417,3.793275026999993,0.5244770096633747
0.0125,0.0075,0.005,8,10145,8754,18899,20000,1565,0.1787754169522504,3.913906082000011,0.46319911106407746
0.0125,0.0075,0.0075,8,10645,8195,18840,20000,911,0.1111653447223917,4.279680883999987,0.4349787685774947
0.0125,0.0075,0.01,8,10651,7836,18487,20000,585,0.07465543644716692,4.508267985999993,0.4238654189430411
0.0125,0.01,0.0025,8,6997,12691,19688,20000,2822,0.22236230399495704,4.36855998499999,0.6446058512799675
0.0025,0.0025,0.0025,9,9721,65,9786,18748,16,0.24615384615384617,1.4764469909999889,0.006642141835274882
0.0125,0.01,0.005,8,8099,11866,19965,19999,1680,0.14158098769593797,4.423498383999998,0.5943400951665414
0.0125,0.0075,0.0125,8,10743,7689,18432,20000,416,0.05410326440369359,4.8258481029999984,0.4171549479166667
0.0025,0.0025,0.005,9,10449,34,10483,18730,7,0.20588235294117646,1.591999831999999,0.0032433463703138415
0.0125,0.01,0.0075,8,8197,11723,19920,20000,1029,0.08777616651027893,4.477335467000017,0.5885040160642571
0.0125,0.01,0.01,8,8287,11705,19992,20000,713,0.060914139256727895,4.6451581600000225,0.585484193677471
0.0125,0.01,0.0125,8,8237,11594,19831,20000,589,0.05080213903743316,4.71126714899998,0.5846402097725782
0.0125,0.0125,0.0025,8,5600,14314,19914,20000,2333,0.1629872851753528,4.185581098,0.7187908004419001
0.0125,0.0125,0.005,8,6233,14134,20367,20000,1594,0.11277769916513372,4.23292338600001,0.6939657288751412
0.0125,0.0125,0.0075,8,6277,14180,20457,20000,1036,0.07306064880112835,4.229911731000016,0.6931612650926333
0.0125,0.0125,0.01,8,6304,14174,20478,20000,722,0.05093833780160858,4.267224806999991,0.6921574372497314
0.0125,0.0125,0.0125,8,6060,14397,20457,20000,599,0.041605890115996386,4.034325185,0.7037688810676053
0.0025,0.0025,0.0075,9,10667,25,10692,18726,3,0.12,1.6244182690000173,0.0023381967826412273
0.0025,0.005,0.0025,9,6012,418,6430,18643,119,0.284688995215311,1.5267610720000278,0.06500777604976672
0.0025,0.005,0.005,9,6606,321,6927,18731,63,0.19626168224299065,1.7410032929999772,0.04634040710264184
0.0025,0.0025,0.01,9,10794,25,10819,18633,2,0.08,1.9571138919999953,0.002310749607172567
0.0025,0.0075,0.0025,9,4206,843,5049,18730,244,0.28944246737841045,1.7433980739999981,0.16696375519904932
0.0025,0.005,0.0075,9,6752,262,7014,18678,47,0.17938931297709923,1.9168069670000136,0.03735386370116909
0.0025,0.0025,0.0125,9,10825,25,10850,18676,1,0.04,2.2392962039999986,0.002304147465437788
0.0025,0.0075,0.005,9,4658,701,5359,18720,145,0.20684736091298145,1.9434954329999812,0.13080798656465759
0.0025,0.005,0.01,9,6779,227,7006,18757,30,0.13215859030837004,2.138790350999983,0.03240079931487297
0.0025,0.0075,0.0075,9,4576,605,5181,18669,95,0.15702479338842976,2.029694446999997,0.11677282377919321
0.0025,0.005,0.0125,9,6731,207,6938,18772,19,0.09178743961352658,2.3752680739999903,0.02983568751801672
0.0025,0.01,0.0025,9,3145,1170,4315,18746,326,0.27863247863247864,1.9680428819999918,0.2711471610660487
0.0025,0.0075,0.01,9,4530,598,5128,18693,71,0.11872909698996656,2.2779307369999913,0.11661466458658347
0.0025,0.01,0.005,9,3498,994,4492,18749,228,0.22937625754527163,2.0402338650000047,0.22128227960819233
0.0025,0.0075,0.0125,9,4470,564,5034,18706,73,0.12943262411347517,2.4064412860000175,0.11203814064362336
0.0025,0.01,0.0075,9,3358,965,4323,18700,161,0.16683937823834197,2.1121995119999895,0.22322461253758963
0.0025,0.01,0.01,9,3234,981,4215,18781,137,0.1396534148827727,2.673469028999989,0.23274021352313168
0.0025,0.0125,0.0025,9,2542,1255,3797,18683,329,0.2621513944223108,2.422265756999991,0.3305240979720832
0.0025,0.0125,0.005,9,2699,1148,3847,18672,224,0.1951219512195122,2.482464157999999,0.29841434884325446
0.0025,0.01,0.0125,9,3089,933,4022,18722,109,0.11682743837084673,2.8352866810000137,0.23197414221780208
0.005,0.0025,0.0025,9,12840,329,13169,19916,107,0.3252279635258359,2.2391034879999836,0.024982914420229325
0.0025,0.0125,0.0075,9,2573,1215,3788,18703,181,0.14897119341563786,2.5936830599999894,0.32074973600844775
0.0025,0.0125,0.01,9,2346,1218,3564,18668,180,0.1477832512315271,2.7972609789999865,0.34175084175084175
0.005,0.0025,0.005,9,13657,173,13830,19931,36,0.20809248554913296,2.718314169999985,0.012509038322487346
0.0025,0.0125,0.0125,9,2212,1246,3458,18655,200,0.16051364365971107,3.1031628929999897,0.3603238866396761
0.005,0.0025,0.0075,9,13897,145,14042,19920,13,0.0896551724137931,3.1222587240000053,0.010326164364050705
0.005,0.005,0.0025,9,8754,2065,10819,19905,647,0.313317191283293,3.055830319999984,0.19086791755245403
0.005,0.0025,0.01,9,14005,110,14115,19924,7,0.06363636363636363,3.502527303999983,0.0077931278781438185
0.005,0.005,0.005,9,9649,1522,11171,19909,325,0.21353482260183967,3.288107963999977,0.13624563602184228
0.005,0.005,0.0075,9,9797,1303,11100,19940,143,0.10974673829623945,3.513669937000003,0.11738738738738738
0.005,0.0025,0.0125,9,14115,106,14221,19917,7,0.0660377358490566,3.865373291999987,0.007453765557977639
0.005,0.005,0.01,9,9877,1173,11050,19904,127,0.1082693947144075,3.6337698469999964,0.10615384615384615
0.005,0.0075,0.0025,9,6361,4039,10400,19916,1148,0.28422876949740034,3.049988020000029,0.3883653846153846
0.005,0.0075,0.005,9,7198,3315,10513,19908,613,0.18491704374057316,3.182128669999969,0.3153238847141634
0.005,0.005,0.0125,9,10102,1070,11172,19928,77,0.07196261682242991,3.6191747479999776,0.09577515216612961
0.005,0.0075,0.0075,9,7264,3118,10382,19910,390,0.12508017960230916,3.327006406999999,0.3003274898863417
0.005,0.01,0.0025,9,4946,5364,10310,19905,1299,0.24217002237136465,3.108038573999977,0.5202715809893308
0.005,0.0075,0.01,9,7318,2852,10170,19915,285,0.09992987377279103,3.494888335000013,0.28043264503441495
0.005,0.01,0.005,9,5541,4947,10488,19916,779,0.15746917323630483,3.1490193409999847,0.47168192219679633
0.005,0.0075,0.0125,9,7209,2838,10047,19909,249,0.08773784355179703,3.708399869999994,0.2824723798148701
0.005,0.01,0.0075,9,5533,4767,10300,19914,610,0.12796307950492972,3.262285545999987,0.4628155339805825
0.005,0.01,0.01,9,5347,4558,9905,19897,444,0.09741114523913998,3.4299764529999663,0.4601716304896517
0.005,0.0125,0.0025,9,3897,6091,9988,19919,1277,0.20965358725989164,3.0340793010000198,0.6098317981577893
0.0075,0.0025,0.0025,9,14233,617,14850,19990,229,0.3711507293354943,2.0200501630000076,0.04154882154882155
0.005,0.01,0.0125,9,5216,4616,9832,19919,483,0.10463604852686309,3.5361893569999836,0.4694873881204231
0.005,0.0125,0.005,9,4438,5872,10310,19924,887,0.1510558583106267,3.2372042510000085,0.5695441319107662
0.0075,0.0025,0.005,9,15027,338,15365,19993,63,0.1863905325443787,2.309884487999966,0.021998047510575984
0.005,0.0125,0.0075,9,4253,5873,10126,19919,706,0.12021113570577217,3.378405286000003,0.5799920995457238
0.005,0.0125,0.01,9,4053,5942,9995,19919,641,0.10787613598115113,3.4597342830000173,0.5944972486243122
0.0075,0.0025,0.0075,9,15283,290,15573,19991,31,0.10689655172413794,2.6576294449999978,0.0186219739292365
0.005,0.0125,0.0125,9,3846,5789,9635,19918,643,0.11107272413197443,3.815582460999991,0.6008303061754022
0.0075,0.005,0.0025,9,10339,3691,14030,19998,1186,0.32132213492278516,2.674232912999969,0.2630791161796151
0.0075,0.0025,0.01,9,15304,217,15521,19998,13,0.059907834101382486,3.058179387999985,0.013981057921525675
0.0075,0.005,0.005,9,11434,2742,14176,19996,506,0.18453683442742524,2.7780797749999806,0.1934255079006772
0.0075,0.0025,0.0125,9,15316,223,15539,19996,10,0.04484304932735426,3.3652651149999997,0.014350987837055152
0.0075,0.005,0.0075,9,11670,2390,14060,19995,278,0.11631799163179916,3.0928190519999816,0.16998577524893316
0.0075,0.005,0.01,9,11651,2201,13852,19995,194,0.08814175374829623,3.46970300199996,0.1588940225238233
0.0075,0.0075,0.0025,9,7754,6983,14737,19995,1835,0.26278103966776456,3.183303904000013,0.47384135169980324
0.0075,0.0075,0.005,9,8738,5971,14709,19997,1023,0.17132808574778094,3.3469907589999934,0.40594194030865455
0.0075,0.005,0.0125,9,11769,2117,13886,19993,142,0.0670760510155881,3.756083222999962,0.15245571078784387
0.0075,0.0075,0.0075,9,8705,5661,14366,19992,656,0.11588058646882177,3.7072267820000206,0.3940554086036475
0.0075,0.0075,0.01,9,8887,5244,14131,19993,442,0.08428680396643784,3.8496786149999593,0.3710990021937584
0.0075,0.01,0.0025,9,6034,9221,15255,19993,2116,0.22947619564038607,3.595343605000039,0.6044575549000327
0.0075,0.01,0.005,9,6758,8549,15307,19995,1285,0.15030997777517838,3.743435918999978,0.5585026458483047
0.0075,0.0075,0.0125,9,8893,5181,14074,19993,357,0.06890561667631731,4.116868581999995,0.3681256217137985
0.01,0.0025,0.0025,9,15105,812,15917,19999,296,0.3645320197044335,2.072340460000021,0.05101463843689137
0.0075,0.01,0.0075,9,6779,8363,15142,19989,914,0.10929092430945833,3.893892828999981,0.552304847444195
0.0075,0.01,0.01,9,6734,8067,14801,19995,697,0.0864013883723813,4.274092904999975,0.5450307411661375
0.0075,0.0125,0.0025,9,4843,10408,15251,19994,1925,0.18495388162951576,3.9264247849999947,0.6824470526522851
0.0075,0.0125,0.005,9,5378,10123,15501,19993,1324,0.1307912674108466,3.9355845260000137,0.6530546416360234
0.0075,0.01,0.0125,9,6564,7968,14532,19995,556,0.06977911646586345,4.32012557500002,0.5483071841453344
0.01,0.0025,0.005,9,15734,489,16223,20000,86,0.17586912065439672,2.4324225879999517,0.030142390433335386
0.0075,0.0125,0.0075,9,5338,10122,15460,19996,954,0.0942501481920569,4.213095684999985,0.6547218628719276
0.01,0.0025,0.0075,9,15986,383,16369,20000,42,0.10966057441253264,2.799499054000023,0.02339788624839636
0.0075,0.0125,0.01,9,5140,10125,15265,19992,785,0.07753086419753086,4.358696845000054,0.6632820176875205
0.01,0.0025,0.01,9,16016,299,16315,19998,30,0.10033444816053512,3.148545942999988,0.018326693227091632
0.01,0.005,0.0025,9,11458,4701,16159,19999,1619,0.34439480961497554,2.8816959540000084,0.29092146791261836
0.0075,0.0125,0.0125,9,5010,10245,15255,19993,783,0.07642752562225476,4.614932918999955,0.671583087512291
0.01,0.0025,0.0125,9,16100,293,16393,20000,20,0.06825938566552901,3.5896582070000136,0.01787348258402977
0.01,0.005,0.005,9,12305,3626,15931,20000,696,0.19194704908990623,3.1188363690000074,0.2276065532609378
0.01,0.005,0.0075,9,12754,3186,15940,20000,363,0.11393596986817325,3.4204119990000095,0.19987452948557088
0.01,0.005,0.01,9,12838,2860,15698,20000,232,0.08111888111888112,3.701237918000004,0.18218881386163843
0.01,0.0075,0.0025,9,8617,8724,17341,20000,2399,0.27498853736817974,3.480256252999993,0.5030851738654056
0.01,0.005,0.0125,9,12855,2757,15612,20000,162,0.058759521218716,4.02788564399998,0.17659492697924672
0.01,0.0075,0.005,9,9586,7589,17175,20000,1318,0.17367242060877586,3.5986008579999975,0.441863173216885
0.01,0.0075,0.0075,9,9948,7142,17090,19999,788,0.11033323998879865,3.9252568990000327,0.4179052077238151
0.01,0.0075,0.01,9,9897,7007,16904,20000,517,0.07378335949764521,4.248031581000021,0.4145172740179839
0.01,0.01,0.0025,9,6550,11587,18137,19999,2572,0.22197290066453784,4.037065870999982,0.6388597893808238
0.01,0.0075,0.0125,9,9890,6718,16608,20000,404,0.06013694551949985,4.591554377000023,0.4045038535645472
0.01,0.01,0.005,9,7494,10755,18249,20000,1484,0.13798233379823338,4.168065947000002,0.5893473614992603
0.01,0.01,0.0075,9,7673,10581,18254,19999,953,0.09006710140818448,4.409596914000019,0.5796537745151747
0.0125,0.0025,0.0025,9,15664,918,16582,20000,362,0.39433551198257083,2.179030398000009,0.05536123507417682
0.01,0.01,0.01,9,7582,10406,17988,20000,698,0.06707668652700365,4.670963282000002,0.5784967756281966
0.0125,0.0025,0.005,9,16273,565,16838,20000,127,0.2247787610619469,2.5522161810000057,0.03355505404442333
0.01,0.0125,0.0025,9,5277,13093,18370,20000,2226,0.1700145115710685,4.502625326000043,0.7127381600435493
0.01,0.01,0.0125,9,7462,10423,17885,20000,609,0.05842847548690396,4.847270776000016,0.5827788649706458
0.01,0.0125,0.005,9,5887,12745,18632,19999,1490,0.1169085916045508,4.550756234999994,0.6840382138256763
0.0125,0.0025,0.0075,9,16475,442,16917,20000,52,0.11764705882352941,2.947100583000008,0.02612756398888692
0.01,0.0125,0.0075,9,5918,12775,18693,19999,979,0.07663405088062622,4.746514001000037,0.683410902476863
0.0125,0.0025,0.01,9,16509,384,16893,20000,30,0.078125,3.3035573380000187,0.022731308826141005
0.01,0.0125,0.01,9,5848,12732,18580,20000,806,0.06330505812126924,5.067528066000023,0.6852529601722283
0.0125,0.005,0.0025,9,12056,5198,17254,20000,1884,0.36244709503655254,2.961110677000022,0.3012634751362003
0.0125,0.0025,0.0125,9,16583,317,16900,20000,13,0.04100946372239748,3.6940040999999724,0.01875739644970414
0.0125,0.005,0.005,9,13158,4155,17313,20000,894,0.21516245487364621,3.33174956299996,0.23999306879223706
0.01,0.0125,0.0125,9,5688,12986,18674,19999,703,0.0541352225473587,5.342565500999967,0.6954053764592482
0.0125,0.005,0.0075,9,13391,3603,16994,20000,445,0.12350818762142658,3.629842230999998,0.2120160056490526
0.0125,0.005,0.01,9,13488,3350,16838,20000,283,0.08447761194029851,3.8009590249999974,0.19895474521914716
0.0125,0.005,0.0125,9,13731,3124,16855,20000,189,0.06049935979513444,4.2705606129999865,0.18534559477899734
0.0125,0.0075,0.0025,9,8964,9849,18813,20000,2751,0.279317697228145,3.8859785610000017,0.5235209695423377
0.0125,0.0075,0.005,9,10081,8522,18603,20000,1441,0.16909176249706642,3.9565107170000147,0.45809815621136374
0.0125,0.0075,0.0075,9,10526,8134,18660,20000,890,0.10941726088025572,4.068242188999989,0.43590568060021434
0.0125,0.0075,0.01,9,10635,8009,18644,20000,577,0.07204395055562492,4.319401443000004,0.4295751984552671
0.0125,0.01,0.0025,9,6909,12748,19657,20000,2921,0.22913398180106684,4.13468887099998,0.6485221549575215
0.0125,0.01,0.005,9,7998,11953,19951,20000,1735,0.1451518447251736,4.176139866000028,0.5991178387048268
0.0125,0.0075,0.0125,9,10798,7778,18576,20000,449,0.05772692208794034,4.48768604899999,0.41871231696813094
0.0125,0.01,0.0075,9,8107,11789,19896,20000,1051,0.08915090338451098,4.1519580589999805,0.5925311620426217
0.0125,0.01,0.01,9,8098,11722,19820,20000,747,0.06372632656543252,4.153682026999945,0.591422805247225
0.0125,0.01,0.0125,9,8271,11453,19724,20000,580,0.05064175325242295,4.214578790000019,0.5806631514905699
0.0125,0.0125,0.0025,9,5527,14348,19875,20000,2411,0.16803735712294396,3.7846851609999703,0.7219119496855346
0.0125,0.0125,0.005,9,6226,14077,20303,20000,1581,0.11231086168928038,3.8466400380000323,0.6933458109638969
0.0125,0.0125,0.0075,9,6354,14126,20480,20000,1054,0.07461418660625796,3.7770410620000234,0.68974609375
0.0125,0.0125,0.01,9,6415,14171,20586,20000,767,0.054124620704255166,3.799468403999981,0.6883804527348684
0.0125,0.0125,0.0125,9,6223,14341,20564,20000,616,0.04295376891430165,3.5980790290000186,0.6973837774751994
